epoch,lr-Adam,step,train_loss,train_mse,val_loss,val_mse
,0.0001,0,,,,
0,,49,0.8125069737434387,0.8125069737434387,,
0,,99,0.4359137713909149,0.4359137713909149,,
0,,149,0.37252575159072876,0.37252575159072876,,
0,,199,0.35949331521987915,0.35949331521987915,,
0,,249,0.3380529582500458,0.3380529582500458,,
0,,299,0.29539236426353455,0.29539236426353455,,
0,,349,0.27672338485717773,0.27672338485717773,,
0,,399,0.3630458414554596,0.3630458414554596,,
0,,449,0.3112371861934662,0.3112371861934662,,
0,,499,0.23839564621448517,0.23839564621448517,,
0,,549,0.2540804445743561,0.2540804445743561,,
0,,599,0.2981303036212921,0.2981303036212921,,
0,,649,0.27926239371299744,0.27926239371299744,,
0,,699,0.2588615417480469,0.2588615417480469,,
0,,749,0.20746126770973206,0.20746126770973206,,
0,,799,0.25842151045799255,0.25842151045799255,,
0,,849,0.26416847109794617,0.26416847109794617,,
0,,899,0.22779154777526855,0.22779154777526855,,
0,,949,0.25252771377563477,0.25252771377563477,,
0,,999,0.2268020361661911,0.2268020361661911,,
0,,1049,0.2577918767929077,0.2577918767929077,,
0,,1099,0.225212961435318,0.225212961435318,,
0,,1149,0.25765737891197205,0.25765737891197205,,
0,,1199,0.19470177590847015,0.19470177590847015,,
0,,1249,0.27681565284729004,0.27681565284729004,,
0,,1299,0.26173728704452515,0.26173728704452515,,
0,,1349,0.22845709323883057,0.22845709323883057,,
0,,1399,0.24577347934246063,0.24577347934246063,,
0,,1449,0.23026219010353088,0.23026219010353088,,
0,,1499,0.22176067531108856,0.22176067531108856,,
0,,1549,0.22443249821662903,0.22443249821662903,,
0,,1599,0.21490617096424103,0.21490617096424103,,
0,,1649,0.1855274885892868,0.1855274885892868,,
0,,1699,0.22727684676647186,0.22727684676647186,,
0,,1749,0.20914514362812042,0.20914514362812042,,
0,,1799,0.24554415047168732,0.24554415047168732,,
0,,1849,0.22934024035930634,0.22934024035930634,,
0,,1899,0.20307575166225433,0.20307575166225433,,
0,,1949,0.23388658463954926,0.23388658463954926,,
0,,1999,0.20197832584381104,0.20197832584381104,,
0,,2049,0.21363647282123566,0.21363647282123566,,
0,,2099,0.20971761643886566,0.20971761643886566,,
0,,2149,0.2729491591453552,0.2729491591453552,,
0,,2199,0.23045115172863007,0.23045115172863007,,
0,,2249,0.2053367644548416,0.2053367644548416,,
0,,2299,0.22532176971435547,0.22532176971435547,,
0,,2349,0.2402552217245102,0.2402552217245102,,
0,,2399,0.24883578717708588,0.24883578717708588,,
0,,2449,0.20696018636226654,0.20696018636226654,,
0,,2499,0.22212910652160645,0.22212910652160645,,
0,,2549,0.19306276738643646,0.19306276738643646,,
0,,2599,0.21346774697303772,0.21346774697303772,,
0,,2649,0.20789003372192383,0.20789003372192383,,
0,,2699,0.20592045783996582,0.20592045783996582,,
0,,2749,0.25463199615478516,0.25463199615478516,,
0,,2789,,,0.2083290070295334,0.2083290070295334
,0.0001,2790,,,,
1,,2799,0.21427713334560394,0.21427713334560394,,
1,,2849,0.21337144076824188,0.21337144076824188,,
1,,2899,0.1915542334318161,0.1915542334318161,,
1,,2949,0.2343248426914215,0.2343248426914215,,
1,,2999,0.20230825245380402,0.20230825245380402,,
1,,3049,0.19541917741298676,0.19541917741298676,,
1,,3099,0.20060010254383087,0.20060010254383087,,
1,,3149,0.21956372261047363,0.21956372261047363,,
1,,3199,0.22307024896144867,0.22307024896144867,,
1,,3249,0.206194669008255,0.206194669008255,,
1,,3299,0.23426011204719543,0.23426011204719543,,
1,,3349,0.21869711577892303,0.21869711577892303,,
1,,3399,0.1955120861530304,0.1955120861530304,,
1,,3449,0.2045944184064865,0.2045944184064865,,
1,,3499,0.18977348506450653,0.18977348506450653,,
1,,3549,0.26024147868156433,0.26024147868156433,,
1,,3599,0.181592658162117,0.181592658162117,,
1,,3649,0.19302955269813538,0.19302955269813538,,
1,,3699,0.20096588134765625,0.20096588134765625,,
1,,3749,0.23611317574977875,0.23611317574977875,,
1,,3799,0.2382126897573471,0.2382126897573471,,
1,,3849,0.22104357182979584,0.22104357182979584,,
1,,3899,0.2561666667461395,0.2561666667461395,,
1,,3949,0.19920723140239716,0.19920723140239716,,
1,,3999,0.18991580605506897,0.18991580605506897,,
1,,4049,0.196919247508049,0.196919247508049,,
1,,4099,0.19449642300605774,0.19449642300605774,,
1,,4149,0.1940774768590927,0.1940774768590927,,
1,,4199,0.21625831723213196,0.21625831723213196,,
1,,4249,0.20693807303905487,0.20693807303905487,,
1,,4299,0.17147183418273926,0.17147183418273926,,
1,,4349,0.1692246049642563,0.1692246049642563,,
1,,4399,0.21030114591121674,0.21030114591121674,,
1,,4449,0.19185319542884827,0.19185319542884827,,
1,,4499,0.20973901450634003,0.20973901450634003,,
1,,4549,0.2911747395992279,0.2911747395992279,,
1,,4599,0.2007874697446823,0.2007874697446823,,
1,,4649,0.1934949904680252,0.1934949904680252,,
1,,4699,0.2130313366651535,0.2130313366651535,,
1,,4749,0.17655877768993378,0.17655877768993378,,
1,,4799,0.18429307639598846,0.18429307639598846,,
1,,4849,0.2197200506925583,0.2197200506925583,,
1,,4899,0.23486535251140594,0.23486535251140594,,
1,,4949,0.18451492488384247,0.18451492488384247,,
1,,4999,0.16732075810432434,0.16732075810432434,,
1,,5049,0.20452585816383362,0.20452585816383362,,
1,,5099,0.20804467797279358,0.20804467797279358,,
1,,5149,0.2025556117296219,0.2025556117296219,,
1,,5199,0.1990589052438736,0.1990589052438736,,
1,,5249,0.22131502628326416,0.22131502628326416,,
1,,5299,0.18694807589054108,0.18694807589054108,,
1,,5349,0.22118210792541504,0.22118210792541504,,
1,,5399,0.19814763963222504,0.19814763963222504,,
1,,5449,0.2193322628736496,0.2193322628736496,,
1,,5499,0.22129245102405548,0.22129245102405548,,
1,,5549,0.178933784365654,0.178933784365654,,
1,,5579,,,0.19412703812122345,0.19412703812122345
,0.0001,5580,,,,
2,,5599,0.18752872943878174,0.18752872943878174,,
2,,5649,0.20180585980415344,0.20180585980415344,,
2,,5699,0.17343413829803467,0.17343413829803467,,
2,,5749,0.19173838198184967,0.19173838198184967,,
2,,5799,0.21301043033599854,0.21301043033599854,,
2,,5849,0.21242757141590118,0.21242757141590118,,
2,,5899,0.23323915898799896,0.23323915898799896,,
2,,5949,0.2696639597415924,0.2696639597415924,,
2,,5999,0.18188989162445068,0.18188989162445068,,
2,,6049,0.2122286856174469,0.2122286856174469,,
2,,6099,0.2159879505634308,0.2159879505634308,,
2,,6149,0.3100261688232422,0.3100261688232422,,
2,,6199,0.20432181656360626,0.20432181656360626,,
2,,6249,0.17838557064533234,0.17838557064533234,,
2,,6299,0.20251579582691193,0.20251579582691193,,
2,,6349,0.19458837807178497,0.19458837807178497,,
2,,6399,0.191471129655838,0.191471129655838,,
2,,6449,0.21615080535411835,0.21615080535411835,,
2,,6499,0.19370491802692413,0.19370491802692413,,
2,,6549,0.2055523842573166,0.2055523842573166,,
2,,6599,0.22727493941783905,0.22727493941783905,,
2,,6649,0.21263252198696136,0.21263252198696136,,
2,,6699,0.21410508453845978,0.21410508453845978,,
2,,6749,0.20750947296619415,0.20750947296619415,,
2,,6799,0.20768795907497406,0.20768795907497406,,
2,,6849,0.17500145733356476,0.17500145733356476,,
2,,6899,0.1822900027036667,0.1822900027036667,,
2,,6949,0.18217097222805023,0.18217097222805023,,
2,,6999,0.1614960879087448,0.1614960879087448,,
2,,7049,0.23415513336658478,0.23415513336658478,,
2,,7099,0.20423464477062225,0.20423464477062225,,
2,,7149,0.19150935113430023,0.19150935113430023,,
2,,7199,0.20020757615566254,0.20020757615566254,,
2,,7249,0.20918014645576477,0.20918014645576477,,
2,,7299,0.19426915049552917,0.19426915049552917,,
2,,7349,0.21804876625537872,0.21804876625537872,,
2,,7399,0.2347172349691391,0.2347172349691391,,
2,,7449,0.18024876713752747,0.18024876713752747,,
2,,7499,0.1985011249780655,0.1985011249780655,,
2,,7549,0.18863807618618011,0.18863807618618011,,
2,,7599,0.18950258195400238,0.18950258195400238,,
2,,7649,0.18067467212677002,0.18067467212677002,,
2,,7699,0.22366414964199066,0.22366414964199066,,
2,,7749,0.1847272366285324,0.1847272366285324,,
2,,7799,0.19102071225643158,0.19102071225643158,,
2,,7849,0.16890467703342438,0.16890467703342438,,
2,,7899,0.20013867318630219,0.20013867318630219,,
2,,7949,0.3106703460216522,0.3106703460216522,,
2,,7999,0.23841524124145508,0.23841524124145508,,
2,,8049,0.20862066745758057,0.20862066745758057,,
2,,8099,0.18968527019023895,0.18968527019023895,,
2,,8149,0.2287081778049469,0.2287081778049469,,
2,,8199,0.19505159556865692,0.19505159556865692,,
2,,8249,0.23269104957580566,0.23269104957580566,,
2,,8299,0.18127937614917755,0.18127937614917755,,
2,,8349,0.23598158359527588,0.23598158359527588,,
2,,8369,,,0.18699073791503906,0.18699073791503906
,0.0001,8370,,,,
3,,8399,0.18983186781406403,0.18983186781406403,,
3,,8449,0.1788971871137619,0.1788971871137619,,
3,,8499,0.19790129363536835,0.19790129363536835,,
3,,8549,0.20477190613746643,0.20477190613746643,,
3,,8599,0.17079971730709076,0.17079971730709076,,
3,,8649,0.20691466331481934,0.20691466331481934,,
3,,8699,0.1973860114812851,0.1973860114812851,,
3,,8749,0.20020340383052826,0.20020340383052826,,
3,,8799,0.22314921021461487,0.22314921021461487,,
3,,8849,0.16403089463710785,0.16403089463710785,,
3,,8899,0.18037396669387817,0.18037396669387817,,
3,,8949,0.19127324223518372,0.19127324223518372,,
3,,8999,0.18553677201271057,0.18553677201271057,,
3,,9049,0.19472044706344604,0.19472044706344604,,
3,,9099,0.1912805289030075,0.1912805289030075,,
3,,9149,0.20428065955638885,0.20428065955638885,,
3,,9199,0.19620215892791748,0.19620215892791748,,
3,,9249,0.15999935567378998,0.15999935567378998,,
3,,9299,0.20327256619930267,0.20327256619930267,,
3,,9349,0.21108607947826385,0.21108607947826385,,
3,,9399,0.19315068423748016,0.19315068423748016,,
3,,9449,0.24975800514221191,0.24975800514221191,,
3,,9499,0.1795608401298523,0.1795608401298523,,
3,,9549,0.23864863812923431,0.23864863812923431,,
3,,9599,0.17384059727191925,0.17384059727191925,,
3,,9649,0.18198488652706146,0.18198488652706146,,
3,,9699,0.21792426705360413,0.21792426705360413,,
3,,9749,0.2031484693288803,0.2031484693288803,,
3,,9799,0.1904304474592209,0.1904304474592209,,
3,,9849,0.19156619906425476,0.19156619906425476,,
3,,9899,0.17882049083709717,0.17882049083709717,,
3,,9949,0.19255244731903076,0.19255244731903076,,
3,,9999,0.2179248332977295,0.2179248332977295,,
3,,10049,0.1684650480747223,0.1684650480747223,,
3,,10099,0.21017880737781525,0.21017880737781525,,
3,,10149,0.21578966081142426,0.21578966081142426,,
3,,10199,0.17368531227111816,0.17368531227111816,,
3,,10249,0.19572238624095917,0.19572238624095917,,
3,,10299,0.17497508227825165,0.17497508227825165,,
3,,10349,0.1820801943540573,0.1820801943540573,,
3,,10399,0.185128316283226,0.185128316283226,,
3,,10449,0.2082211971282959,0.2082211971282959,,
3,,10499,0.22050133347511292,0.22050133347511292,,
3,,10549,0.1625833809375763,0.1625833809375763,,
3,,10599,0.21127314865589142,0.21127314865589142,,
3,,10649,0.19959776103496552,0.19959776103496552,,
3,,10699,0.23528550565242767,0.23528550565242767,,
3,,10749,0.21061745285987854,0.21061745285987854,,
3,,10799,0.16144077479839325,0.16144077479839325,,
3,,10849,0.21443037688732147,0.21443037688732147,,
3,,10899,0.18541954457759857,0.18541954457759857,,
3,,10949,0.18698237836360931,0.18698237836360931,,
3,,10999,0.16219250857830048,0.16219250857830048,,
3,,11049,0.17688022553920746,0.17688022553920746,,
3,,11099,0.2024945765733719,0.2024945765733719,,
3,,11149,0.1792142242193222,0.1792142242193222,,
3,,11159,,,0.18342077732086182,0.18342077732086182
,0.0001,11160,,,,
4,,11199,0.16990505158901215,0.16990505158901215,,
4,,11249,0.19706931710243225,0.19706931710243225,,
4,,11299,0.19747185707092285,0.19747185707092285,,
4,,11349,0.19528892636299133,0.19528892636299133,,
4,,11399,0.19674129784107208,0.19674129784107208,,
4,,11449,0.19057194888591766,0.19057194888591766,,
4,,11499,0.2699778974056244,0.2699778974056244,,
4,,11549,0.1814611703157425,0.1814611703157425,,
4,,11599,0.1909467577934265,0.1909467577934265,,
4,,11649,0.1927693635225296,0.1927693635225296,,
4,,11699,0.20805154740810394,0.20805154740810394,,
4,,11749,0.17015281319618225,0.17015281319618225,,
4,,11799,0.18548324704170227,0.18548324704170227,,
4,,11849,0.2638498544692993,0.2638498544692993,,
4,,11899,0.17737559974193573,0.17737559974193573,,
4,,11949,0.1982659101486206,0.1982659101486206,,
4,,11999,0.20203934609889984,0.20203934609889984,,
4,,12049,0.18034179508686066,0.18034179508686066,,
4,,12099,0.2122306376695633,0.2122306376695633,,
4,,12149,0.2030530422925949,0.2030530422925949,,
4,,12199,0.21572783589363098,0.21572783589363098,,
4,,12249,0.17773042619228363,0.17773042619228363,,
4,,12299,0.18496620655059814,0.18496620655059814,,
4,,12349,0.19365309178829193,0.19365309178829193,,
4,,12399,0.19733266532421112,0.19733266532421112,,
4,,12449,0.1880212277173996,0.1880212277173996,,
4,,12499,0.2016751617193222,0.2016751617193222,,
4,,12549,0.17935433983802795,0.17935433983802795,,
4,,12599,0.23753415048122406,0.23753415048122406,,
4,,12649,0.17179180681705475,0.17179180681705475,,
4,,12699,0.1669657677412033,0.1669657677412033,,
4,,12749,0.1762523651123047,0.1762523651123047,,
4,,12799,0.18349145352840424,0.18349145352840424,,
4,,12849,0.1921244114637375,0.1921244114637375,,
4,,12899,0.20065222680568695,0.20065222680568695,,
4,,12949,0.19162197411060333,0.19162197411060333,,
4,,12999,0.1972457468509674,0.1972457468509674,,
4,,13049,0.21578781306743622,0.21578781306743622,,
4,,13099,0.19634579122066498,0.19634579122066498,,
4,,13149,0.18491263687610626,0.18491263687610626,,
4,,13199,0.2286434918642044,0.2286434918642044,,
4,,13249,0.1319396197795868,0.1319396197795868,,
4,,13299,0.22585777938365936,0.22585777938365936,,
4,,13349,0.20945098996162415,0.20945098996162415,,
4,,13399,0.2109195739030838,0.2109195739030838,,
4,,13449,0.266574501991272,0.266574501991272,,
4,,13499,0.1961260437965393,0.1961260437965393,,
4,,13549,0.20160458981990814,0.20160458981990814,,
4,,13599,0.19090810418128967,0.19090810418128967,,
4,,13649,0.2049880027770996,0.2049880027770996,,
4,,13699,0.18600985407829285,0.18600985407829285,,
4,,13749,0.18917876482009888,0.18917876482009888,,
4,,13799,0.19226112961769104,0.19226112961769104,,
4,,13849,0.2535560727119446,0.2535560727119446,,
4,,13899,0.1752292960882187,0.1752292960882187,,
4,,13949,0.17642441391944885,0.17642441391944885,,
4,,13949,,,0.18107753992080688,0.18107753992080688
,0.0001,13950,,,,
5,,13999,0.19834008812904358,0.19834008812904358,,
5,,14049,0.17795459926128387,0.17795459926128387,,
5,,14099,0.16000604629516602,0.16000604629516602,,
5,,14149,0.18871234357357025,0.18871234357357025,,
5,,14199,0.20805831253528595,0.20805831253528595,,
5,,14249,0.17811881005764008,0.17811881005764008,,
5,,14299,0.17948897182941437,0.17948897182941437,,
5,,14349,0.20877210795879364,0.20877210795879364,,
5,,14399,0.17180417478084564,0.17180417478084564,,
5,,14449,0.19928257167339325,0.19928257167339325,,
5,,14499,0.24538753926753998,0.24538753926753998,,
5,,14549,0.18829701840877533,0.18829701840877533,,
5,,14599,0.2065514624118805,0.2065514624118805,,
5,,14649,0.19049333035945892,0.19049333035945892,,
5,,14699,0.20861446857452393,0.20861446857452393,,
5,,14749,0.17936088144779205,0.17936088144779205,,
5,,14799,0.1940852254629135,0.1940852254629135,,
5,,14849,0.15808193385601044,0.15808193385601044,,
5,,14899,0.14570142328739166,0.14570142328739166,,
5,,14949,0.2229814976453781,0.2229814976453781,,
5,,14999,0.20172010362148285,0.20172010362148285,,
5,,15049,0.21199975907802582,0.21199975907802582,,
5,,15099,0.22381320595741272,0.22381320595741272,,
5,,15149,0.1937100887298584,0.1937100887298584,,
5,,15199,0.1787652224302292,0.1787652224302292,,
5,,15249,0.16971659660339355,0.16971659660339355,,
5,,15299,0.17219005525112152,0.17219005525112152,,
5,,15349,0.1640661060810089,0.1640661060810089,,
5,,15399,0.18710988759994507,0.18710988759994507,,
5,,15449,0.1561364084482193,0.1561364084482193,,
5,,15499,0.19527356326580048,0.19527356326580048,,
5,,15549,0.24950221180915833,0.24950221180915833,,
5,,15599,0.22202153503894806,0.22202153503894806,,
5,,15649,0.181123286485672,0.181123286485672,,
5,,15699,0.19157813489437103,0.19157813489437103,,
5,,15749,0.2035587877035141,0.2035587877035141,,
5,,15799,0.18391498923301697,0.18391498923301697,,
5,,15849,0.26311609148979187,0.26311609148979187,,
5,,15899,0.20172448456287384,0.20172448456287384,,
5,,15949,0.18689517676830292,0.18689517676830292,,
5,,15999,0.1798248291015625,0.1798248291015625,,
5,,16049,0.18380331993103027,0.18380331993103027,,
5,,16099,0.21859975159168243,0.21859975159168243,,
5,,16149,0.21426653861999512,0.21426653861999512,,
5,,16199,0.23824401199817657,0.23824401199817657,,
5,,16249,0.17959769070148468,0.17959769070148468,,
5,,16299,0.17279352247714996,0.17279352247714996,,
5,,16349,0.1656092256307602,0.1656092256307602,,
5,,16399,0.19154396653175354,0.19154396653175354,,
5,,16449,0.14313118159770966,0.14313118159770966,,
5,,16499,0.2051769345998764,0.2051769345998764,,
5,,16549,0.20462878048419952,0.20462878048419952,,
5,,16599,0.19989943504333496,0.19989943504333496,,
5,,16649,0.22094643115997314,0.22094643115997314,,
5,,16699,0.18002921342849731,0.18002921342849731,,
5,,16739,,,0.17961888015270233,0.17961888015270233
,0.0001,16740,,,,
6,,16749,0.19088123738765717,0.19088123738765717,,
6,,16799,0.19077783823013306,0.19077783823013306,,
6,,16849,0.19366373121738434,0.19366373121738434,,
6,,16899,0.22423560917377472,0.22423560917377472,,
6,,16949,0.1699705272912979,0.1699705272912979,,
6,,16999,0.19228631258010864,0.19228631258010864,,
6,,17049,0.18565939366817474,0.18565939366817474,,
6,,17099,0.1911265105009079,0.1911265105009079,,
6,,17149,0.17477886378765106,0.17477886378765106,,
6,,17199,0.18693795800209045,0.18693795800209045,,
6,,17249,0.2131078541278839,0.2131078541278839,,
6,,17299,0.18952015042304993,0.18952015042304993,,
6,,17349,0.17623643577098846,0.17623643577098846,,
6,,17399,0.20356345176696777,0.20356345176696777,,
6,,17449,0.18318621814250946,0.18318621814250946,,
6,,17499,0.180236354470253,0.180236354470253,,
6,,17549,0.17816495895385742,0.17816495895385742,,
6,,17599,0.17249217629432678,0.17249217629432678,,
6,,17649,0.16842901706695557,0.16842901706695557,,
6,,17699,0.16362464427947998,0.16362464427947998,,
6,,17749,0.21519732475280762,0.21519732475280762,,
6,,17799,0.18076053261756897,0.18076053261756897,,
6,,17849,0.22396953403949738,0.22396953403949738,,
6,,17899,0.16576634347438812,0.16576634347438812,,
6,,17949,0.16032712161540985,0.16032712161540985,,
6,,17999,0.18891851603984833,0.18891851603984833,,
6,,18049,0.21661095321178436,0.21661095321178436,,
6,,18099,0.1642952263355255,0.1642952263355255,,
6,,18149,0.185031458735466,0.185031458735466,,
6,,18199,0.19472916424274445,0.19472916424274445,,
6,,18249,0.17708495259284973,0.17708495259284973,,
6,,18299,0.18546748161315918,0.18546748161315918,,
6,,18349,0.18357430398464203,0.18357430398464203,,
6,,18399,0.1769961267709732,0.1769961267709732,,
6,,18449,0.20553052425384521,0.20553052425384521,,
6,,18499,0.1873624175786972,0.1873624175786972,,
6,,18549,0.1632976531982422,0.1632976531982422,,
6,,18599,0.1844542920589447,0.1844542920589447,,
6,,18649,0.1622159332036972,0.1622159332036972,,
6,,18699,0.18323831260204315,0.18323831260204315,,
6,,18749,0.176570862531662,0.176570862531662,,
6,,18799,0.17099682986736298,0.17099682986736298,,
6,,18849,0.1936161071062088,0.1936161071062088,,
6,,18899,0.17302677035331726,0.17302677035331726,,
6,,18949,0.18363268673419952,0.18363268673419952,,
6,,18999,0.20849446952342987,0.20849446952342987,,
6,,19049,0.20805624127388,0.20805624127388,,
6,,19099,0.17186030745506287,0.17186030745506287,,
6,,19149,0.1730346530675888,0.1730346530675888,,
6,,19199,0.16604529321193695,0.16604529321193695,,
6,,19249,0.16169290244579315,0.16169290244579315,,
6,,19299,0.20536589622497559,0.20536589622497559,,
6,,19349,0.16647355258464813,0.16647355258464813,,
6,,19399,0.1882438212633133,0.1882438212633133,,
6,,19449,0.2332029640674591,0.2332029640674591,,
6,,19499,0.1907404512166977,0.1907404512166977,,
6,,19529,,,0.17829297482967377,0.17829297482967377
,0.0001,19530,,,,
7,,19549,0.1871131807565689,0.1871131807565689,,
7,,19599,0.18774215877056122,0.18774215877056122,,
7,,19649,0.1811256855726242,0.1811256855726242,,
7,,19699,0.18719302117824554,0.18719302117824554,,
7,,19749,0.21334563195705414,0.21334563195705414,,
7,,19799,0.1592744141817093,0.1592744141817093,,
7,,19849,0.1772155612707138,0.1772155612707138,,
7,,19899,0.19656133651733398,0.19656133651733398,,
7,,19949,0.18169645965099335,0.18169645965099335,,
7,,19999,0.19340285658836365,0.19340285658836365,,
7,,20049,0.18995879590511322,0.18995879590511322,,
7,,20099,0.21974480152130127,0.21974480152130127,,
7,,20149,0.16892753541469574,0.16892753541469574,,
7,,20199,0.21008434891700745,0.21008434891700745,,
7,,20249,0.16426701843738556,0.16426701843738556,,
7,,20299,0.19828878343105316,0.19828878343105316,,
7,,20349,0.17926299571990967,0.17926299571990967,,
7,,20399,0.1820193976163864,0.1820193976163864,,
7,,20449,0.18972228467464447,0.18972228467464447,,
7,,20499,0.1884772628545761,0.1884772628545761,,
7,,20549,0.1976066678762436,0.1976066678762436,,
7,,20599,0.17451809346675873,0.17451809346675873,,
7,,20649,0.1620538979768753,0.1620538979768753,,
7,,20699,0.200828418135643,0.200828418135643,,
7,,20749,0.2087523490190506,0.2087523490190506,,
7,,20799,0.20372553169727325,0.20372553169727325,,
7,,20849,0.18075723946094513,0.18075723946094513,,
7,,20899,0.15548262000083923,0.15548262000083923,,
7,,20949,0.1927497237920761,0.1927497237920761,,
7,,20999,0.25214406847953796,0.25214406847953796,,
7,,21049,0.17463822662830353,0.17463822662830353,,
7,,21099,0.17947226762771606,0.17947226762771606,,
7,,21149,0.18136818706989288,0.18136818706989288,,
7,,21199,0.22185221314430237,0.22185221314430237,,
7,,21249,0.17350010573863983,0.17350010573863983,,
7,,21299,0.18514345586299896,0.18514345586299896,,
7,,21349,0.2066025733947754,0.2066025733947754,,
7,,21399,0.14783631265163422,0.14783631265163422,,
7,,21449,0.1744278520345688,0.1744278520345688,,
7,,21499,0.20675531029701233,0.20675531029701233,,
7,,21549,0.188859224319458,0.188859224319458,,
7,,21599,0.1926458179950714,0.1926458179950714,,
7,,21649,0.17253895103931427,0.17253895103931427,,
7,,21699,0.19471335411071777,0.19471335411071777,,
7,,21749,0.16118495166301727,0.16118495166301727,,
7,,21799,0.18748530745506287,0.18748530745506287,,
7,,21849,0.17700649797916412,0.17700649797916412,,
7,,21899,0.18932244181632996,0.18932244181632996,,
7,,21949,0.27420398592948914,0.27420398592948914,,
7,,21999,0.20047178864479065,0.20047178864479065,,
7,,22049,0.21149805188179016,0.21149805188179016,,
7,,22099,0.15605111420154572,0.15605111420154572,,
7,,22149,0.17491845786571503,0.17491845786571503,,
7,,22199,0.18105852603912354,0.18105852603912354,,
7,,22249,0.17464330792427063,0.17464330792427063,,
7,,22299,0.17869159579277039,0.17869159579277039,,
7,,22319,,,0.17727960646152496,0.17727960646152496
,0.0001,22320,,,,
8,,22349,0.17595259845256805,0.17595259845256805,,
8,,22399,0.15975022315979004,0.15975022315979004,,
8,,22449,0.17253488302230835,0.17253488302230835,,
8,,22499,0.16123589873313904,0.16123589873313904,,
8,,22549,0.20409880578517914,0.20409880578517914,,
8,,22599,0.1913764625787735,0.1913764625787735,,
8,,22649,0.17434482276439667,0.17434482276439667,,
8,,22699,0.16457931697368622,0.16457931697368622,,
8,,22749,0.2910294532775879,0.2910294532775879,,
8,,22799,0.17444191873073578,0.17444191873073578,,
8,,22849,0.17017081379890442,0.17017081379890442,,
8,,22899,0.20364585518836975,0.20364585518836975,,
8,,22949,0.19090373814105988,0.19090373814105988,,
8,,22999,0.17089608311653137,0.17089608311653137,,
8,,23049,0.1845109909772873,0.1845109909772873,,
8,,23099,0.19659700989723206,0.19659700989723206,,
8,,23149,0.20738783478736877,0.20738783478736877,,
8,,23199,0.19164378941059113,0.19164378941059113,,
8,,23249,0.23037920892238617,0.23037920892238617,,
8,,23299,0.18477480113506317,0.18477480113506317,,
8,,23349,0.2092944234609604,0.2092944234609604,,
8,,23399,0.16510213911533356,0.16510213911533356,,
8,,23449,0.15356063842773438,0.15356063842773438,,
8,,23499,0.18542109429836273,0.18542109429836273,,
8,,23549,0.20271368324756622,0.20271368324756622,,
8,,23599,0.18310141563415527,0.18310141563415527,,
8,,23649,0.1576858013868332,0.1576858013868332,,
8,,23699,0.17412631213665009,0.17412631213665009,,
8,,23749,0.1523762196302414,0.1523762196302414,,
8,,23799,0.16781611740589142,0.16781611740589142,,
8,,23849,0.1565476655960083,0.1565476655960083,,
8,,23899,0.20222659409046173,0.20222659409046173,,
8,,23949,0.22121039032936096,0.22121039032936096,,
8,,23999,0.19336235523223877,0.19336235523223877,,
8,,24049,0.1614566594362259,0.1614566594362259,,
8,,24099,0.18964587152004242,0.18964587152004242,,
8,,24149,0.17167694866657257,0.17167694866657257,,
8,,24199,0.18356835842132568,0.18356835842132568,,
8,,24249,0.18714213371276855,0.18714213371276855,,
8,,24299,0.1857588291168213,0.1857588291168213,,
8,,24349,0.21426816284656525,0.21426816284656525,,
8,,24399,0.16530267894268036,0.16530267894268036,,
8,,24449,0.19702784717082977,0.19702784717082977,,
8,,24499,0.159464031457901,0.159464031457901,,
8,,24549,0.1663522720336914,0.1663522720336914,,
8,,24599,0.1547536551952362,0.1547536551952362,,
8,,24649,0.1711791753768921,0.1711791753768921,,
8,,24699,0.1762075275182724,0.1762075275182724,,
8,,24749,0.15288284420967102,0.15288284420967102,,
8,,24799,0.19047313928604126,0.19047313928604126,,
8,,24849,0.16374178230762482,0.16374178230762482,,
8,,24899,0.18141043186187744,0.18141043186187744,,
8,,24949,0.16931751370429993,0.16931751370429993,,
8,,24999,0.15443406999111176,0.15443406999111176,,
8,,25049,0.17838099598884583,0.17838099598884583,,
8,,25099,0.1805225908756256,0.1805225908756256,,
8,,25109,,,0.17693179845809937,0.17693179845809937
,0.0001,25110,,,,
9,,25149,0.20996113121509552,0.20996113121509552,,
9,,25199,0.1978009194135666,0.1978009194135666,,
9,,25249,0.18092933297157288,0.18092933297157288,,
9,,25299,0.2001604586839676,0.2001604586839676,,
9,,25349,0.17975486814975739,0.17975486814975739,,
9,,25399,0.21062660217285156,0.21062660217285156,,
9,,25449,0.17852547764778137,0.17852547764778137,,
9,,25499,0.18625856935977936,0.18625856935977936,,
9,,25549,0.1932312399148941,0.1932312399148941,,
9,,25599,0.17283713817596436,0.17283713817596436,,
9,,25649,0.17328886687755585,0.17328886687755585,,
9,,25699,0.17792034149169922,0.17792034149169922,,
9,,25749,0.18599562346935272,0.18599562346935272,,
9,,25799,0.1551670879125595,0.1551670879125595,,
9,,25849,0.21913479268550873,0.21913479268550873,,
9,,25899,0.18065138161182404,0.18065138161182404,,
9,,25949,0.20989274978637695,0.20989274978637695,,
9,,25999,0.27297019958496094,0.27297019958496094,,
9,,26049,0.24539752304553986,0.24539752304553986,,
9,,26099,0.17948731780052185,0.17948731780052185,,
9,,26149,0.17937181890010834,0.17937181890010834,,
9,,26199,0.16516557335853577,0.16516557335853577,,
9,,26249,0.2128504514694214,0.2128504514694214,,
9,,26299,0.15952324867248535,0.15952324867248535,,
9,,26349,0.1899634748697281,0.1899634748697281,,
9,,26399,0.23219966888427734,0.23219966888427734,,
9,,26449,0.20908871293067932,0.20908871293067932,,
9,,26499,0.20120814442634583,0.20120814442634583,,
9,,26549,0.222065731883049,0.222065731883049,,
9,,26599,0.25620409846305847,0.25620409846305847,,
9,,26649,0.16508539021015167,0.16508539021015167,,
9,,26699,0.19847159087657928,0.19847159087657928,,
9,,26749,0.22271795570850372,0.22271795570850372,,
9,,26799,0.19655027985572815,0.19655027985572815,,
9,,26849,0.15308953821659088,0.15308953821659088,,
9,,26899,0.15699878334999084,0.15699878334999084,,
9,,26949,0.20630000531673431,0.20630000531673431,,
9,,26999,0.17668068408966064,0.17668068408966064,,
9,,27049,0.1900937855243683,0.1900937855243683,,
9,,27099,0.16643765568733215,0.16643765568733215,,
9,,27149,0.18075889348983765,0.18075889348983765,,
9,,27199,0.1822468340396881,0.1822468340396881,,
9,,27249,0.18205273151397705,0.18205273151397705,,
9,,27299,0.20385204255580902,0.20385204255580902,,
9,,27349,0.15929533541202545,0.15929533541202545,,
9,,27399,0.17390751838684082,0.17390751838684082,,
9,,27449,0.16432593762874603,0.16432593762874603,,
9,,27499,0.19332990050315857,0.19332990050315857,,
9,,27549,0.1866937130689621,0.1866937130689621,,
9,,27599,0.25550660490989685,0.25550660490989685,,
9,,27649,0.16408221423625946,0.16408221423625946,,
9,,27699,0.20722627639770508,0.20722627639770508,,
9,,27749,0.20244303345680237,0.20244303345680237,,
9,,27799,0.16545085608959198,0.16545085608959198,,
9,,27849,0.17004619538784027,0.17004619538784027,,
9,,27899,0.22765477001667023,0.22765477001667023,,
9,,27899,,,0.17713423073291779,0.17713423073291779
,0.0001,27900,,,,
10,,27949,0.1840086430311203,0.1840086430311203,,
10,,27999,0.15957419574260712,0.15957419574260712,,
10,,28049,0.19188837707042694,0.19188837707042694,,
10,,28099,0.20588408410549164,0.20588408410549164,,
10,,28149,0.16394630074501038,0.16394630074501038,,
10,,28199,0.4174197316169739,0.4174197316169739,,
10,,28249,0.1641707867383957,0.1641707867383957,,
10,,28299,0.1716015785932541,0.1716015785932541,,
10,,28349,0.14714570343494415,0.14714570343494415,,
10,,28399,0.21886992454528809,0.21886992454528809,,
10,,28449,0.19007396697998047,0.19007396697998047,,
10,,28499,0.20896582305431366,0.20896582305431366,,
10,,28549,0.19257643818855286,0.19257643818855286,,
10,,28599,0.20636005699634552,0.20636005699634552,,
10,,28649,0.1643865406513214,0.1643865406513214,,
10,,28699,0.20064349472522736,0.20064349472522736,,
10,,28749,0.1783951371908188,0.1783951371908188,,
10,,28799,0.1925177425146103,0.1925177425146103,,
10,,28849,0.2132646143436432,0.2132646143436432,,
10,,28899,0.19196201860904694,0.19196201860904694,,
10,,28949,0.1697203367948532,0.1697203367948532,,
10,,28999,0.15032339096069336,0.15032339096069336,,
10,,29049,0.15575651824474335,0.15575651824474335,,
10,,29099,0.15001100301742554,0.15001100301742554,,
10,,29149,0.16890619695186615,0.16890619695186615,,
10,,29199,0.2051529437303543,0.2051529437303543,,
10,,29249,0.19439224898815155,0.19439224898815155,,
10,,29299,0.1566670686006546,0.1566670686006546,,
10,,29349,0.16445167362689972,0.16445167362689972,,
10,,29399,0.17757494747638702,0.17757494747638702,,
10,,29449,0.17200271785259247,0.17200271785259247,,
10,,29499,0.17463646829128265,0.17463646829128265,,
10,,29549,0.17724967002868652,0.17724967002868652,,
10,,29599,0.1751111000776291,0.1751111000776291,,
10,,29649,0.14939533174037933,0.14939533174037933,,
10,,29699,0.1728900521993637,0.1728900521993637,,
10,,29749,0.17494447529315948,0.17494447529315948,,
10,,29799,0.17516344785690308,0.17516344785690308,,
10,,29849,0.15605662763118744,0.15605662763118744,,
10,,29899,0.19304704666137695,0.19304704666137695,,
10,,29949,0.20200298726558685,0.20200298726558685,,
10,,29999,0.20481279492378235,0.20481279492378235,,
10,,30049,0.19661568105220795,0.19661568105220795,,
10,,30099,0.19780366122722626,0.19780366122722626,,
10,,30149,0.19037213921546936,0.19037213921546936,,
10,,30199,0.17161758244037628,0.17161758244037628,,
10,,30249,0.1436159610748291,0.1436159610748291,,
10,,30299,0.18460746109485626,0.18460746109485626,,
10,,30349,0.20410625636577606,0.20410625636577606,,
10,,30399,0.21580150723457336,0.21580150723457336,,
10,,30449,0.20466604828834534,0.20466604828834534,,
10,,30499,0.18917997181415558,0.18917997181415558,,
10,,30549,0.1781310737133026,0.1781310737133026,,
10,,30599,0.17404086887836456,0.17404086887836456,,
10,,30649,0.1742141991853714,0.1742141991853714,,
10,,30689,,,0.1768268644809723,0.1768268644809723
,0.0001,30690,,,,
11,,30699,0.19487588107585907,0.19487588107585907,,
11,,30749,0.1887216567993164,0.1887216567993164,,
11,,30799,0.1504310518503189,0.1504310518503189,,
11,,30849,0.18727734684944153,0.18727734684944153,,
11,,30899,0.1990114152431488,0.1990114152431488,,
11,,30949,0.221420556306839,0.221420556306839,,
11,,30999,0.17242620885372162,0.17242620885372162,,
11,,31049,0.1852589100599289,0.1852589100599289,,
11,,31099,0.22928884625434875,0.22928884625434875,,
11,,31149,0.150222510099411,0.150222510099411,,
11,,31199,0.17384688556194305,0.17384688556194305,,
11,,31249,0.16214483976364136,0.16214483976364136,,
11,,31299,0.17997415363788605,0.17997415363788605,,
11,,31349,0.18119357526302338,0.18119357526302338,,
11,,31399,0.16562826931476593,0.16562826931476593,,
11,,31449,0.16201786696910858,0.16201786696910858,,
11,,31499,0.2682437002658844,0.2682437002658844,,
11,,31549,0.1950419843196869,0.1950419843196869,,
11,,31599,0.20467214286327362,0.20467214286327362,,
11,,31649,0.18615160882472992,0.18615160882472992,,
11,,31699,0.1579701006412506,0.1579701006412506,,
11,,31749,0.1762361377477646,0.1762361377477646,,
11,,31799,0.1660766452550888,0.1660766452550888,,
11,,31849,0.1973622888326645,0.1973622888326645,,
11,,31899,0.20050577819347382,0.20050577819347382,,
11,,31949,0.19127357006072998,0.19127357006072998,,
11,,31999,0.2009139060974121,0.2009139060974121,,
11,,32049,0.15113483369350433,0.15113483369350433,,
11,,32099,0.1403658241033554,0.1403658241033554,,
11,,32149,0.18680135905742645,0.18680135905742645,,
11,,32199,0.1960745006799698,0.1960745006799698,,
11,,32249,0.15447968244552612,0.15447968244552612,,
11,,32299,0.1971774846315384,0.1971774846315384,,
11,,32349,0.17946265637874603,0.17946265637874603,,
11,,32399,0.18388156592845917,0.18388156592845917,,
11,,32449,0.16899435222148895,0.16899435222148895,,
11,,32499,0.16532456874847412,0.16532456874847412,,
11,,32549,0.18698464334011078,0.18698464334011078,,
11,,32599,0.20033173263072968,0.20033173263072968,,
11,,32649,0.21566390991210938,0.21566390991210938,,
11,,32699,0.21314464509487152,0.21314464509487152,,
11,,32749,0.1611706018447876,0.1611706018447876,,
11,,32799,0.19713254272937775,0.19713254272937775,,
11,,32849,0.18885473906993866,0.18885473906993866,,
11,,32899,0.17087750136852264,0.17087750136852264,,
11,,32949,0.1999751180410385,0.1999751180410385,,
11,,32999,0.18035802245140076,0.18035802245140076,,
11,,33049,0.1584639996290207,0.1584639996290207,,
11,,33099,0.20938177406787872,0.20938177406787872,,
11,,33149,0.1923806071281433,0.1923806071281433,,
11,,33199,0.1996900737285614,0.1996900737285614,,
11,,33249,0.20569434762001038,0.20569434762001038,,
11,,33299,0.17147092521190643,0.17147092521190643,,
11,,33349,0.1634770929813385,0.1634770929813385,,
11,,33399,0.18498650193214417,0.18498650193214417,,
11,,33449,0.16885103285312653,0.16885103285312653,,
11,,33479,,,0.17635156214237213,0.17635156214237213
,0.0001,33480,,,,
12,,33499,0.15937410295009613,0.15937410295009613,,
12,,33549,0.14146576821804047,0.14146576821804047,,
12,,33599,0.16369856894016266,0.16369856894016266,,
12,,33649,0.17992113530635834,0.17992113530635834,,
12,,33699,0.18518738448619843,0.18518738448619843,,
12,,33749,0.187677264213562,0.187677264213562,,
12,,33799,0.16738323867321014,0.16738323867321014,,
12,,33849,0.19156377017498016,0.19156377017498016,,
12,,33899,0.2420363426208496,0.2420363426208496,,
12,,33949,0.15749602019786835,0.15749602019786835,,
12,,33999,0.19808457791805267,0.19808457791805267,,
12,,34049,0.1617594063282013,0.1617594063282013,,
12,,34099,0.1832956075668335,0.1832956075668335,,
12,,34149,0.17441107332706451,0.17441107332706451,,
12,,34199,0.17714357376098633,0.17714357376098633,,
12,,34249,0.18965740501880646,0.18965740501880646,,
12,,34299,0.16456788778305054,0.16456788778305054,,
12,,34349,0.26238206028938293,0.26238206028938293,,
12,,34399,0.2101137638092041,0.2101137638092041,,
12,,34449,0.19849234819412231,0.19849234819412231,,
12,,34499,0.17127209901809692,0.17127209901809692,,
12,,34549,0.17948782444000244,0.17948782444000244,,
12,,34599,0.17680060863494873,0.17680060863494873,,
12,,34649,0.18924522399902344,0.18924522399902344,,
12,,34699,0.1604703962802887,0.1604703962802887,,
12,,34749,0.1590438187122345,0.1590438187122345,,
12,,34799,0.15052537620067596,0.15052537620067596,,
12,,34849,0.20835252106189728,0.20835252106189728,,
12,,34899,0.17068494856357574,0.17068494856357574,,
12,,34949,0.15294389426708221,0.15294389426708221,,
12,,34999,0.17090292274951935,0.17090292274951935,,
12,,35049,0.16917024552822113,0.16917024552822113,,
12,,35099,0.13471250236034393,0.13471250236034393,,
12,,35149,0.20655222237110138,0.20655222237110138,,
12,,35199,0.1914852261543274,0.1914852261543274,,
12,,35249,0.17175163328647614,0.17175163328647614,,
12,,35299,0.14895318448543549,0.14895318448543549,,
12,,35349,0.1658923476934433,0.1658923476934433,,
12,,35399,0.1725967973470688,0.1725967973470688,,
12,,35449,0.18733273446559906,0.18733273446559906,,
12,,35499,0.1558559685945511,0.1558559685945511,,
12,,35549,0.15982404351234436,0.15982404351234436,,
12,,35599,0.1478891521692276,0.1478891521692276,,
12,,35649,0.16231165826320648,0.16231165826320648,,
12,,35699,0.22265465557575226,0.22265465557575226,,
12,,35749,0.19234144687652588,0.19234144687652588,,
12,,35799,0.173343226313591,0.173343226313591,,
12,,35849,0.16719196736812592,0.16719196736812592,,
12,,35899,0.15340273082256317,0.15340273082256317,,
12,,35949,0.1748785525560379,0.1748785525560379,,
12,,35999,0.28957316279411316,0.28957316279411316,,
12,,36049,0.17166440188884735,0.17166440188884735,,
12,,36099,0.2046356201171875,0.2046356201171875,,
12,,36149,0.17463353276252747,0.17463353276252747,,
12,,36199,0.15238547325134277,0.15238547325134277,,
12,,36249,0.17960821092128754,0.17960821092128754,,
12,,36269,,,0.1757117658853531,0.1757117658853531
,0.0001,36270,,,,
13,,36299,0.17876575887203217,0.17876575887203217,,
13,,36349,0.14749272167682648,0.14749272167682648,,
13,,36399,0.15967920422554016,0.15967920422554016,,
13,,36449,0.238974928855896,0.238974928855896,,
13,,36499,0.16188263893127441,0.16188263893127441,,
13,,36549,0.1924421787261963,0.1924421787261963,,
13,,36599,0.15570560097694397,0.15570560097694397,,
13,,36649,0.16196440160274506,0.16196440160274506,,
13,,36699,0.19494614005088806,0.19494614005088806,,
13,,36749,0.15662507712841034,0.15662507712841034,,
13,,36799,0.18195657432079315,0.18195657432079315,,
13,,36849,0.18148590624332428,0.18148590624332428,,
13,,36899,0.1397424042224884,0.1397424042224884,,
13,,36949,0.19217060506343842,0.19217060506343842,,
13,,36999,0.17095352709293365,0.17095352709293365,,
13,,37049,0.16121821105480194,0.16121821105480194,,
13,,37099,0.21969452500343323,0.21969452500343323,,
13,,37149,0.17605939507484436,0.17605939507484436,,
13,,37199,0.15405122935771942,0.15405122935771942,,
13,,37249,0.1804109811782837,0.1804109811782837,,
13,,37299,0.1712181121110916,0.1712181121110916,,
13,,37349,0.18411533534526825,0.18411533534526825,,
13,,37399,0.16536596417427063,0.16536596417427063,,
13,,37449,0.18122689425945282,0.18122689425945282,,
13,,37499,0.19601912796497345,0.19601912796497345,,
13,,37549,0.17429219186306,0.17429219186306,,
13,,37599,0.1956513375043869,0.1956513375043869,,
13,,37649,0.1708911508321762,0.1708911508321762,,
13,,37699,0.23447977006435394,0.23447977006435394,,
13,,37749,0.2112751007080078,0.2112751007080078,,
13,,37799,0.426098108291626,0.426098108291626,,
13,,37849,0.1719648838043213,0.1719648838043213,,
13,,37899,0.17127330601215363,0.17127330601215363,,
13,,37949,0.1720745861530304,0.1720745861530304,,
13,,37999,0.1676207035779953,0.1676207035779953,,
13,,38049,0.22400155663490295,0.22400155663490295,,
13,,38099,0.15138046443462372,0.15138046443462372,,
13,,38149,0.16294239461421967,0.16294239461421967,,
13,,38199,0.20138469338417053,0.20138469338417053,,
13,,38249,0.1529761105775833,0.1529761105775833,,
13,,38299,0.14723162353038788,0.14723162353038788,,
13,,38349,0.187179833650589,0.187179833650589,,
13,,38399,0.18948213756084442,0.18948213756084442,,
13,,38449,0.20629659295082092,0.20629659295082092,,
13,,38499,0.1426793783903122,0.1426793783903122,,
13,,38549,0.19866429269313812,0.19866429269313812,,
13,,38599,0.14862143993377686,0.14862143993377686,,
13,,38649,0.1639416515827179,0.1639416515827179,,
13,,38699,0.17279446125030518,0.17279446125030518,,
13,,38749,0.155127614736557,0.155127614736557,,
13,,38799,0.1651741862297058,0.1651741862297058,,
13,,38849,0.1875237673521042,0.1875237673521042,,
13,,38899,0.216500923037529,0.216500923037529,,
13,,38949,0.17483823001384735,0.17483823001384735,,
13,,38999,0.1649453192949295,0.1649453192949295,,
13,,39049,0.16506437957286835,0.16506437957286835,,
13,,39059,,,0.17622222006320953,0.17622222006320953
,0.0001,39060,,,,
14,,39099,0.1547469198703766,0.1547469198703766,,
14,,39149,0.19021207094192505,0.19021207094192505,,
14,,39199,0.16959170997142792,0.16959170997142792,,
14,,39249,0.1850586086511612,0.1850586086511612,,
14,,39299,0.222222238779068,0.222222238779068,,
14,,39349,0.16937680542469025,0.16937680542469025,,
14,,39399,0.156575545668602,0.156575545668602,,
14,,39449,0.17988517880439758,0.17988517880439758,,
14,,39499,0.2299000471830368,0.2299000471830368,,
14,,39549,0.20920586585998535,0.20920586585998535,,
14,,39599,0.1673373132944107,0.1673373132944107,,
14,,39649,0.13054727017879486,0.13054727017879486,,
14,,39699,0.16936443746089935,0.16936443746089935,,
14,,39749,0.17334343492984772,0.17334343492984772,,
14,,39799,0.1813538521528244,0.1813538521528244,,
14,,39849,0.1679590791463852,0.1679590791463852,,
14,,39899,0.17812509834766388,0.17812509834766388,,
14,,39949,0.17904305458068848,0.17904305458068848,,
14,,39999,0.15599475800991058,0.15599475800991058,,
14,,40049,0.1742413341999054,0.1742413341999054,,
14,,40099,0.1806606948375702,0.1806606948375702,,
14,,40149,0.1614881306886673,0.1614881306886673,,
14,,40199,0.16707216203212738,0.16707216203212738,,
14,,40249,0.18850910663604736,0.18850910663604736,,
14,,40299,0.18557356297969818,0.18557356297969818,,
14,,40349,0.1872195452451706,0.1872195452451706,,
14,,40399,0.18272481858730316,0.18272481858730316,,
14,,40449,0.17798848450183868,0.17798848450183868,,
14,,40499,0.17315343022346497,0.17315343022346497,,
14,,40549,0.1864503175020218,0.1864503175020218,,
14,,40599,0.17172209918498993,0.17172209918498993,,
14,,40649,0.17931100726127625,0.17931100726127625,,
14,,40699,0.20542140305042267,0.20542140305042267,,
14,,40749,0.15931782126426697,0.15931782126426697,,
14,,40799,0.20966146886348724,0.20966146886348724,,
14,,40849,0.20333945751190186,0.20333945751190186,,
14,,40899,0.19896648824214935,0.19896648824214935,,
14,,40949,0.15788106620311737,0.15788106620311737,,
14,,40999,0.2078578919172287,0.2078578919172287,,
14,,41049,0.1917528361082077,0.1917528361082077,,
14,,41099,0.16208548843860626,0.16208548843860626,,
14,,41149,0.16974902153015137,0.16974902153015137,,
14,,41199,0.17831526696681976,0.17831526696681976,,
14,,41249,0.16240118443965912,0.16240118443965912,,
14,,41299,0.15727852284908295,0.15727852284908295,,
14,,41349,0.15432490408420563,0.15432490408420563,,
14,,41399,0.1560315638780594,0.1560315638780594,,
14,,41449,0.1574769914150238,0.1574769914150238,,
14,,41499,0.19267681241035461,0.19267681241035461,,
14,,41549,0.18248645961284637,0.18248645961284637,,
14,,41599,0.2683996856212616,0.2683996856212616,,
14,,41649,0.23554383218288422,0.23554383218288422,,
14,,41699,0.188968226313591,0.188968226313591,,
14,,41749,0.1980781853199005,0.1980781853199005,,
14,,41799,0.21539588272571564,0.21539588272571564,,
14,,41849,0.21060031652450562,0.21060031652450562,,
14,,41849,,,0.1766785979270935,0.1766785979270935
,0.0001,41850,,,,
15,,41899,0.17144908010959625,0.17144908010959625,,
15,,41949,0.1675563007593155,0.1675563007593155,,
15,,41999,0.272237628698349,0.272237628698349,,
15,,42049,0.18071027100086212,0.18071027100086212,,
15,,42099,0.15797284245491028,0.15797284245491028,,
15,,42149,0.17370229959487915,0.17370229959487915,,
15,,42199,0.2082577794790268,0.2082577794790268,,
15,,42249,0.20577016472816467,0.20577016472816467,,
15,,42299,0.2038469761610031,0.2038469761610031,,
15,,42349,0.14594872295856476,0.14594872295856476,,
15,,42399,0.16841836273670197,0.16841836273670197,,
15,,42449,0.4336712062358856,0.4336712062358856,,
15,,42499,0.17812907695770264,0.17812907695770264,,
15,,42549,0.4551001489162445,0.4551001489162445,,
15,,42599,0.17915882170200348,0.17915882170200348,,
15,,42649,0.2651079595088959,0.2651079595088959,,
15,,42699,0.15909288823604584,0.15909288823604584,,
15,,42749,0.1681920439004898,0.1681920439004898,,
15,,42799,0.1918174922466278,0.1918174922466278,,
15,,42849,0.18737824261188507,0.18737824261188507,,
15,,42899,0.16601043939590454,0.16601043939590454,,
15,,42949,0.15770220756530762,0.15770220756530762,,
15,,42999,0.20400749146938324,0.20400749146938324,,
15,,43049,0.1739339828491211,0.1739339828491211,,
15,,43099,0.25769296288490295,0.25769296288490295,,
15,,43149,0.17529110610485077,0.17529110610485077,,
15,,43199,0.15480351448059082,0.15480351448059082,,
15,,43249,0.15671737492084503,0.15671737492084503,,
15,,43299,0.18053705990314484,0.18053705990314484,,
15,,43349,0.15680623054504395,0.15680623054504395,,
15,,43399,0.18831422924995422,0.18831422924995422,,
15,,43449,0.16210167109966278,0.16210167109966278,,
15,,43499,0.19592319428920746,0.19592319428920746,,
15,,43549,0.16743797063827515,0.16743797063827515,,
15,,43599,0.1877528578042984,0.1877528578042984,,
15,,43649,0.1938219666481018,0.1938219666481018,,
15,,43699,0.17637911438941956,0.17637911438941956,,
15,,43749,0.13633906841278076,0.13633906841278076,,
15,,43799,0.1929483711719513,0.1929483711719513,,
15,,43849,0.1724502295255661,0.1724502295255661,,
15,,43899,0.18397831916809082,0.18397831916809082,,
15,,43949,0.17456772923469543,0.17456772923469543,,
15,,43999,0.19415436685085297,0.19415436685085297,,
15,,44049,0.14333491027355194,0.14333491027355194,,
15,,44099,0.16292762756347656,0.16292762756347656,,
15,,44149,0.2463013380765915,0.2463013380765915,,
15,,44199,0.16716726124286652,0.16716726124286652,,
15,,44249,0.1694723665714264,0.1694723665714264,,
15,,44299,0.1804863065481186,0.1804863065481186,,
15,,44349,0.17139679193496704,0.17139679193496704,,
15,,44399,0.1901727169752121,0.1901727169752121,,
15,,44449,0.18053486943244934,0.18053486943244934,,
15,,44499,0.17841394245624542,0.17841394245624542,,
15,,44549,0.1678866147994995,0.1678866147994995,,
15,,44599,0.16454873979091644,0.16454873979091644,,
15,,44639,,,0.17544609308242798,0.17544609308242798
,0.0001,44640,,,,
16,,44649,0.31185904145240784,0.31185904145240784,,
16,,44699,0.1482413113117218,0.1482413113117218,,
16,,44749,0.23147372901439667,0.23147372901439667,,
16,,44799,0.21336893737316132,0.21336893737316132,,
16,,44849,0.1883579045534134,0.1883579045534134,,
16,,44899,0.18555186688899994,0.18555186688899994,,
16,,44949,0.18335048854351044,0.18335048854351044,,
16,,44999,0.18050731718540192,0.18050731718540192,,
16,,45049,0.2229381799697876,0.2229381799697876,,
16,,45099,0.16343864798545837,0.16343864798545837,,
16,,45149,0.24027566611766815,0.24027566611766815,,
16,,45199,0.15850506722927094,0.15850506722927094,,
16,,45249,0.20672054588794708,0.20672054588794708,,
16,,45299,0.15605683624744415,0.15605683624744415,,
16,,45349,0.2077893316745758,0.2077893316745758,,
16,,45399,0.1677209883928299,0.1677209883928299,,
16,,45449,0.19071422517299652,0.19071422517299652,,
16,,45499,0.17446079850196838,0.17446079850196838,,
16,,45549,0.1820758730173111,0.1820758730173111,,
16,,45599,0.17837415635585785,0.17837415635585785,,
16,,45649,0.18579308688640594,0.18579308688640594,,
16,,45699,0.13907009363174438,0.13907009363174438,,
16,,45749,0.19951678812503815,0.19951678812503815,,
16,,45799,0.14299276471138,0.14299276471138,,
16,,45849,0.20290854573249817,0.20290854573249817,,
16,,45899,0.17331288754940033,0.17331288754940033,,
16,,45949,0.18268544971942902,0.18268544971942902,,
16,,45999,0.24991272389888763,0.24991272389888763,,
16,,46049,0.20598740875720978,0.20598740875720978,,
16,,46099,0.1574251502752304,0.1574251502752304,,
16,,46149,0.1808605194091797,0.1808605194091797,,
16,,46199,0.1671268790960312,0.1671268790960312,,
16,,46249,0.1469869613647461,0.1469869613647461,,
16,,46299,0.16084809601306915,0.16084809601306915,,
16,,46349,0.198362335562706,0.198362335562706,,
16,,46399,0.16928790509700775,0.16928790509700775,,
16,,46449,0.20272521674633026,0.20272521674633026,,
16,,46499,0.15750615298748016,0.15750615298748016,,
16,,46549,0.1347249299287796,0.1347249299287796,,
16,,46599,0.20305676758289337,0.20305676758289337,,
16,,46649,0.19591359794139862,0.19591359794139862,,
16,,46699,0.247915580868721,0.247915580868721,,
16,,46749,0.19870924949645996,0.19870924949645996,,
16,,46799,0.17284083366394043,0.17284083366394043,,
16,,46849,0.1712581366300583,0.1712581366300583,,
16,,46899,0.1963820904493332,0.1963820904493332,,
16,,46949,0.17077213525772095,0.17077213525772095,,
16,,46999,0.1717069000005722,0.1717069000005722,,
16,,47049,0.19178079068660736,0.19178079068660736,,
16,,47099,0.1529502272605896,0.1529502272605896,,
16,,47149,0.21119439601898193,0.21119439601898193,,
16,,47199,0.19006812572479248,0.19006812572479248,,
16,,47249,0.14117538928985596,0.14117538928985596,,
16,,47299,0.1758180409669876,0.1758180409669876,,
16,,47349,0.14896047115325928,0.14896047115325928,,
16,,47399,0.17483001947402954,0.17483001947402954,,
16,,47429,,,0.17597010731697083,0.17597010731697083
,0.0001,47430,,,,
17,,47449,0.17431333661079407,0.17431333661079407,,
17,,47499,0.18984723091125488,0.18984723091125488,,
17,,47549,0.19386647641658783,0.19386647641658783,,
17,,47599,0.19742274284362793,0.19742274284362793,,
17,,47649,0.19092205166816711,0.19092205166816711,,
17,,47699,0.18038658797740936,0.18038658797740936,,
17,,47749,0.14665262401103973,0.14665262401103973,,
17,,47799,0.17688016593456268,0.17688016593456268,,
17,,47849,0.1414286196231842,0.1414286196231842,,
17,,47899,0.17510099709033966,0.17510099709033966,,
17,,47949,0.19790878891944885,0.19790878891944885,,
17,,47999,0.16784599423408508,0.16784599423408508,,
17,,48049,0.16994546353816986,0.16994546353816986,,
17,,48099,0.16521425545215607,0.16521425545215607,,
17,,48149,0.19332335889339447,0.19332335889339447,,
17,,48199,0.17647334933280945,0.17647334933280945,,
17,,48249,0.2054198533296585,0.2054198533296585,,
17,,48299,0.1896086186170578,0.1896086186170578,,
17,,48349,0.1442139893770218,0.1442139893770218,,
17,,48399,0.215476855635643,0.215476855635643,,
17,,48449,0.17368531227111816,0.17368531227111816,,
17,,48499,0.16701264679431915,0.16701264679431915,,
17,,48549,0.16997089982032776,0.16997089982032776,,
17,,48599,0.15578685700893402,0.15578685700893402,,
17,,48649,0.17158611118793488,0.17158611118793488,,
17,,48699,0.1456715315580368,0.1456715315580368,,
17,,48749,0.16794870793819427,0.16794870793819427,,
17,,48799,0.17732849717140198,0.17732849717140198,,
17,,48849,0.20999956130981445,0.20999956130981445,,
17,,48899,0.17108352482318878,0.17108352482318878,,
17,,48949,0.1724248081445694,0.1724248081445694,,
17,,48999,0.16569216549396515,0.16569216549396515,,
17,,49049,0.16121648252010345,0.16121648252010345,,
17,,49099,0.18168002367019653,0.18168002367019653,,
17,,49149,0.19450333714485168,0.19450333714485168,,
17,,49199,0.17799659073352814,0.17799659073352814,,
17,,49249,0.17902269959449768,0.17902269959449768,,
17,,49299,0.1526293009519577,0.1526293009519577,,
17,,49349,0.21349678933620453,0.21349678933620453,,
17,,49399,0.185809925198555,0.185809925198555,,
17,,49449,0.20200350880622864,0.20200350880622864,,
17,,49499,0.17377351224422455,0.17377351224422455,,
17,,49549,0.1529606580734253,0.1529606580734253,,
17,,49599,0.16458113491535187,0.16458113491535187,,
17,,49649,0.1585613340139389,0.1585613340139389,,
17,,49699,0.18282602727413177,0.18282602727413177,,
17,,49749,0.17811810970306396,0.17811810970306396,,
17,,49799,0.17715923488140106,0.17715923488140106,,
17,,49849,0.15834341943264008,0.15834341943264008,,
17,,49899,0.15417030453681946,0.15417030453681946,,
17,,49949,0.15476563572883606,0.15476563572883606,,
17,,49999,0.15168476104736328,0.15168476104736328,,
17,,50049,0.186346635222435,0.186346635222435,,
17,,50099,0.17452409863471985,0.17452409863471985,,
17,,50149,0.14809072017669678,0.14809072017669678,,
17,,50199,0.20094528794288635,0.20094528794288635,,
17,,50219,,,0.175740584731102,0.175740584731102
,0.0001,50220,,,,
18,,50249,0.17709900438785553,0.17709900438785553,,
18,,50299,0.2041463851928711,0.2041463851928711,,
18,,50349,0.20435383915901184,0.20435383915901184,,
18,,50399,0.15510211884975433,0.15510211884975433,,
18,,50449,0.18280921876430511,0.18280921876430511,,
18,,50499,0.17552970349788666,0.17552970349788666,,
18,,50549,0.2603543698787689,0.2603543698787689,,
18,,50599,0.1751190721988678,0.1751190721988678,,
18,,50649,0.17541466653347015,0.17541466653347015,,
18,,50699,0.16131247580051422,0.16131247580051422,,
18,,50749,0.16999541223049164,0.16999541223049164,,
18,,50799,0.17019282281398773,0.17019282281398773,,
18,,50849,0.16945473849773407,0.16945473849773407,,
18,,50899,0.20536868274211884,0.20536868274211884,,
18,,50949,0.16597223281860352,0.16597223281860352,,
18,,50999,0.1671215295791626,0.1671215295791626,,
18,,51049,0.19240592420101166,0.19240592420101166,,
18,,51099,0.171151801943779,0.171151801943779,,
18,,51149,0.18818102777004242,0.18818102777004242,,
18,,51199,0.1815066784620285,0.1815066784620285,,
18,,51249,0.1567200869321823,0.1567200869321823,,
18,,51299,0.16460713744163513,0.16460713744163513,,
18,,51349,0.18506889045238495,0.18506889045238495,,
18,,51399,0.1798991709947586,0.1798991709947586,,
18,,51449,0.17886079847812653,0.17886079847812653,,
18,,51499,0.17456410825252533,0.17456410825252533,,
18,,51549,0.4258246421813965,0.4258246421813965,,
18,,51599,0.1842072457075119,0.1842072457075119,,
18,,51649,0.20071709156036377,0.20071709156036377,,
18,,51699,0.20321564376354218,0.20321564376354218,,
18,,51749,0.19746534526348114,0.19746534526348114,,
18,,51799,0.2053394317626953,0.2053394317626953,,
18,,51849,0.1806955188512802,0.1806955188512802,,
18,,51899,0.1655442714691162,0.1655442714691162,,
18,,51949,0.18379098176956177,0.18379098176956177,,
18,,51999,0.17778097093105316,0.17778097093105316,,
18,,52049,0.1430729627609253,0.1430729627609253,,
18,,52099,0.17741909623146057,0.17741909623146057,,
18,,52149,0.16541461646556854,0.16541461646556854,,
18,,52199,0.17948560416698456,0.17948560416698456,,
18,,52249,0.1994648277759552,0.1994648277759552,,
18,,52299,0.1642090529203415,0.1642090529203415,,
18,,52349,0.15574249625205994,0.15574249625205994,,
18,,52399,0.19827428460121155,0.19827428460121155,,
18,,52449,0.1686200350522995,0.1686200350522995,,
18,,52499,0.19195055961608887,0.19195055961608887,,
18,,52549,0.15610261261463165,0.15610261261463165,,
18,,52599,0.18149502575397491,0.18149502575397491,,
18,,52649,0.1455313116312027,0.1455313116312027,,
18,,52699,0.18833015859127045,0.18833015859127045,,
18,,52749,0.19494181871414185,0.19494181871414185,,
18,,52799,0.16561661660671234,0.16561661660671234,,
18,,52849,0.18086472153663635,0.18086472153663635,,
18,,52899,0.13708531856536865,0.13708531856536865,,
18,,52949,0.15587472915649414,0.15587472915649414,,
18,,52999,0.15775799751281738,0.15775799751281738,,
18,,53009,,,0.1765202283859253,0.1765202283859253
,0.0001,53010,,,,
19,,53049,0.18648917973041534,0.18648917973041534,,
19,,53099,0.18960075080394745,0.18960075080394745,,
19,,53149,0.1649997979402542,0.1649997979402542,,
19,,53199,0.1705462634563446,0.1705462634563446,,
19,,53249,0.20869767665863037,0.20869767665863037,,
19,,53299,0.1669018268585205,0.1669018268585205,,
19,,53349,0.1750812977552414,0.1750812977552414,,
19,,53399,0.15900202095508575,0.15900202095508575,,
19,,53449,0.1616954207420349,0.1616954207420349,,
19,,53499,0.17890477180480957,0.17890477180480957,,
19,,53549,0.14863227307796478,0.14863227307796478,,
19,,53599,0.16478294134140015,0.16478294134140015,,
19,,53649,0.15175983309745789,0.15175983309745789,,
19,,53699,0.17415864765644073,0.17415864765644073,,
19,,53749,0.21109843254089355,0.21109843254089355,,
19,,53799,0.1346081793308258,0.1346081793308258,,
19,,53849,0.18649934232234955,0.18649934232234955,,
19,,53899,0.16550849378108978,0.16550849378108978,,
19,,53949,0.2295905202627182,0.2295905202627182,,
19,,53999,0.18412326276302338,0.18412326276302338,,
19,,54049,0.19020025432109833,0.19020025432109833,,
19,,54099,0.18296754360198975,0.18296754360198975,,
19,,54149,0.18066267669200897,0.18066267669200897,,
19,,54199,0.16981418430805206,0.16981418430805206,,
19,,54249,0.1858208179473877,0.1858208179473877,,
19,,54299,0.1741471141576767,0.1741471141576767,,
19,,54349,0.21017447113990784,0.21017447113990784,,
19,,54399,0.17358313500881195,0.17358313500881195,,
19,,54449,0.21429572999477386,0.21429572999477386,,
19,,54499,0.1582486927509308,0.1582486927509308,,
19,,54549,0.16999506950378418,0.16999506950378418,,
19,,54599,0.20961885154247284,0.20961885154247284,,
19,,54649,0.1605646014213562,0.1605646014213562,,
19,,54699,0.17045001685619354,0.17045001685619354,,
19,,54749,0.198913112282753,0.198913112282753,,
19,,54799,0.20149369537830353,0.20149369537830353,,
19,,54849,0.15280139446258545,0.15280139446258545,,
19,,54899,0.16606256365776062,0.16606256365776062,,
19,,54949,0.19300834834575653,0.19300834834575653,,
19,,54999,0.20130570232868195,0.20130570232868195,,
19,,55049,0.13339200615882874,0.13339200615882874,,
19,,55099,0.19590865075588226,0.19590865075588226,,
19,,55149,0.21423302590847015,0.21423302590847015,,
19,,55199,0.16613779962062836,0.16613779962062836,,
19,,55249,0.1691565066576004,0.1691565066576004,,
19,,55299,0.15735718607902527,0.15735718607902527,,
19,,55349,0.1949341893196106,0.1949341893196106,,
19,,55399,0.1517208367586136,0.1517208367586136,,
19,,55449,0.2012891322374344,0.2012891322374344,,
19,,55499,0.22369293868541718,0.22369293868541718,,
19,,55549,0.1611882448196411,0.1611882448196411,,
19,,55599,0.15478156507015228,0.15478156507015228,,
19,,55649,0.14761774241924286,0.14761774241924286,,
19,,55699,0.15411554276943207,0.15411554276943207,,
19,,55749,0.4148573577404022,0.4148573577404022,,
19,,55799,0.17501576244831085,0.17501576244831085,,
19,,55799,,,0.17606981098651886,0.17606981098651886
,0.0001,55800,,,,
20,,55849,0.1782437264919281,0.1782437264919281,,
20,,55899,0.18917079269886017,0.18917079269886017,,
20,,55949,0.18922261893749237,0.18922261893749237,,
20,,55999,0.18557588756084442,0.18557588756084442,,
20,,56049,0.16569578647613525,0.16569578647613525,,
20,,56099,0.16724179685115814,0.16724179685115814,,
20,,56149,0.16328778862953186,0.16328778862953186,,
20,,56199,0.14363938570022583,0.14363938570022583,,
20,,56249,0.16167230904102325,0.16167230904102325,,
20,,56299,0.1472117155790329,0.1472117155790329,,
20,,56349,0.1735149621963501,0.1735149621963501,,
20,,56399,0.1826922595500946,0.1826922595500946,,
20,,56449,0.15652142465114594,0.15652142465114594,,
20,,56499,0.1727728694677353,0.1727728694677353,,
20,,56549,0.16965843737125397,0.16965843737125397,,
20,,56599,0.1828196495771408,0.1828196495771408,,
20,,56649,0.1623607724905014,0.1623607724905014,,
20,,56699,0.175959974527359,0.175959974527359,,
20,,56749,0.19414719939231873,0.19414719939231873,,
20,,56799,0.14740924537181854,0.14740924537181854,,
20,,56849,0.17604960501194,0.17604960501194,,
20,,56899,0.21633706986904144,0.21633706986904144,,
20,,56949,0.18368099629878998,0.18368099629878998,,
20,,56999,0.2435612678527832,0.2435612678527832,,
20,,57049,0.18223796784877777,0.18223796784877777,,
20,,57099,0.1540316641330719,0.1540316641330719,,
20,,57149,0.1847057193517685,0.1847057193517685,,
20,,57199,0.15839561820030212,0.15839561820030212,,
20,,57249,0.18518762290477753,0.18518762290477753,,
20,,57299,0.18612933158874512,0.18612933158874512,,
20,,57349,0.21226520836353302,0.21226520836353302,,
20,,57399,0.1566138118505478,0.1566138118505478,,
20,,57449,0.17850612103939056,0.17850612103939056,,
20,,57499,0.21628546714782715,0.21628546714782715,,
20,,57549,0.18211783468723297,0.18211783468723297,,
20,,57599,0.2042621225118637,0.2042621225118637,,
20,,57649,0.16689912974834442,0.16689912974834442,,
20,,57699,0.16986477375030518,0.16986477375030518,,
20,,57749,0.16495762765407562,0.16495762765407562,,
20,,57799,0.18579182028770447,0.18579182028770447,,
20,,57849,0.15559478104114532,0.15559478104114532,,
20,,57899,0.16592204570770264,0.16592204570770264,,
20,,57949,0.13765107095241547,0.13765107095241547,,
20,,57999,0.15058742463588715,0.15058742463588715,,
20,,58049,0.16984207928180695,0.16984207928180695,,
20,,58099,0.16983412206172943,0.16983412206172943,,
20,,58149,0.16523036360740662,0.16523036360740662,,
20,,58199,0.18443727493286133,0.18443727493286133,,
20,,58249,0.1505737006664276,0.1505737006664276,,
20,,58299,0.1536240130662918,0.1536240130662918,,
20,,58349,0.1718343198299408,0.1718343198299408,,
20,,58399,0.17289192974567413,0.17289192974567413,,
20,,58449,0.1472276896238327,0.1472276896238327,,
20,,58499,0.1844111979007721,0.1844111979007721,,
20,,58549,0.15998870134353638,0.15998870134353638,,
20,,58589,,,0.1755395382642746,0.1755395382642746
