gauge_id,cluster_0_prob,cluster_1_prob,cluster_2_prob,cluster_3_prob,cluster_4_prob,cluster_5_prob,cluster_6_prob,cluster_7_prob,cluster_8_prob,cluster_9_prob,cluster_10_prob,cluster_11_prob,cluster_12_prob,cluster_13_prob,cluster_14_prob,predicted_cluster
CA_15013,0.08333333333333333,0.016666666666666666,0.03333333333333333,0.10333333333333333,0.1,0.0033333333333333335,0.02666666666666667,0.0,0.09,0.0,0.016666666666666666,0.0,0.006666666666666667,0.22333333333333333,0.2966666666666667,14
CA_15016,0.056666666666666664,0.013333333333333334,0.03666666666666667,0.043333333333333335,0.06333333333333334,0.0,0.03,0.0,0.01,0.0,0.043333333333333335,0.0,0.0033333333333333335,0.19333333333333333,0.5066666666666667,14
CA_15020,0.043333333333333335,0.023333333333333334,0.023333333333333334,0.023333333333333334,0.05,0.0033333333333333335,0.023333333333333334,0.0,0.013333333333333334,0.0033333333333333335,0.056666666666666664,0.0,0.0,0.13,0.6066666666666667,14
CA_15022,0.05,0.023333333333333334,0.02666666666666667,0.02,0.06333333333333334,0.0033333333333333335,0.023333333333333334,0.0,0.01,0.0033333333333333335,0.06666666666666667,0.0,0.0,0.14666666666666667,0.5633333333333334,14
CA_15025,0.043333333333333335,0.03,0.023333333333333334,0.023333333333333334,0.056666666666666664,0.0033333333333333335,0.016666666666666666,0.0,0.006666666666666667,0.0033333333333333335,0.056666666666666664,0.0,0.0,0.13666666666666666,0.6,14
CA_15030,0.05,0.03,0.03666666666666667,0.06,0.07,0.016666666666666666,0.04,0.0,0.02,0.0033333333333333335,0.07,0.0,0.0033333333333333335,0.17666666666666667,0.42333333333333334,14
CA_15034,0.043333333333333335,0.03666666666666667,0.03333333333333333,0.056666666666666664,0.08,0.02,0.04,0.0,0.023333333333333334,0.0033333333333333335,0.056666666666666664,0.0,0.006666666666666667,0.16666666666666666,0.43333333333333335,14
CA_15039,0.05333333333333334,0.056666666666666664,0.043333333333333335,0.09,0.09333333333333334,0.013333333333333334,0.056666666666666664,0.0,0.043333333333333335,0.0033333333333333335,0.06,0.0033333333333333335,0.006666666666666667,0.15666666666666668,0.32,14
CA_15040,0.03333333333333333,0.02,0.016666666666666666,0.02,0.07,0.0033333333333333335,0.03,0.0,0.02,0.0,0.06666666666666667,0.0,0.0,0.13666666666666666,0.5833333333333334,14
CA_15044,0.043333333333333335,0.02666666666666667,0.043333333333333335,0.03666666666666667,0.08666666666666667,0.006666666666666667,0.02666666666666667,0.0,0.016666666666666666,0.0033333333333333335,0.04,0.0,0.0033333333333333335,0.2,0.4666666666666667,14
CA_15045,0.056666666666666664,0.006666666666666667,0.04,0.043333333333333335,0.043333333333333335,0.006666666666666667,0.02,0.0,0.023333333333333334,0.0033333333333333335,0.05333333333333334,0.0,0.016666666666666666,0.22333333333333333,0.4633333333333333,14
CA_15049,0.08666666666666667,0.03,0.06333333333333334,0.13333333333333333,0.11,0.01,0.08333333333333333,0.0,0.06,0.0,0.09333333333333334,0.006666666666666667,0.0033333333333333335,0.11333333333333333,0.20666666666666667,14
CA_15051,0.11,0.016666666666666666,0.05,0.14666666666666667,0.11666666666666667,0.013333333333333334,0.05333333333333334,0.0,0.07,0.0033333333333333335,0.03333333333333333,0.0,0.02666666666666667,0.13666666666666666,0.22333333333333333,14
CA_15054,0.09333333333333334,0.02,0.04666666666666667,0.14666666666666667,0.13,0.013333333333333334,0.056666666666666664,0.0,0.07333333333333333,0.0033333333333333335,0.04666666666666667,0.0,0.03,0.12333333333333334,0.21666666666666667,14
CA_15069,0.08666666666666667,0.03,0.06333333333333334,0.11,0.10666666666666667,0.01,0.06666666666666667,0.0,0.04666666666666667,0.0,0.14666666666666667,0.0033333333333333335,0.0033333333333333335,0.08666666666666667,0.24,14
CA_15070,0.07333333333333333,0.016666666666666666,0.06333333333333334,0.11,0.11666666666666667,0.01,0.05333333333333334,0.0,0.06,0.0,0.15666666666666668,0.0,0.0033333333333333335,0.1,0.23666666666666666,14
CA_15081,0.056666666666666664,0.016666666666666666,0.05,0.07333333333333333,0.08333333333333333,0.0033333333333333335,0.02666666666666667,0.0,0.04,0.0,0.20333333333333334,0.0,0.0033333333333333335,0.12666666666666668,0.31666666666666665,14
CA_15083,0.06333333333333334,0.02,0.06333333333333334,0.07333333333333333,0.07333333333333333,0.006666666666666667,0.03333333333333333,0.0,0.04666666666666667,0.0,0.18,0.0,0.0033333333333333335,0.13,0.30666666666666664,14
CA_15090,0.06,0.03,0.06333333333333334,0.09,0.11666666666666667,0.01,0.06,0.0,0.05333333333333334,0.0,0.10333333333333333,0.0033333333333333335,0.0033333333333333335,0.11666666666666667,0.29,14
CA_15102,0.07666666666666666,0.03333333333333333,0.03,0.14,0.08,0.01,0.043333333333333335,0.0,0.08666666666666667,0.0,0.06,0.0033333333333333335,0.02,0.19333333333333333,0.22333333333333333,14
CA_15149,0.06666666666666667,0.013333333333333334,0.05333333333333334,0.06666666666666667,0.08666666666666667,0.01,0.043333333333333335,0.0,0.04666666666666667,0.0,0.13666666666666666,0.006666666666666667,0.0033333333333333335,0.15,0.31666666666666665,14
CA_15171,0.02666666666666667,0.023333333333333334,0.07666666666666666,0.07333333333333333,0.07333333333333333,0.006666666666666667,0.06333333333333334,0.0,0.06,0.0,0.07333333333333333,0.0,0.006666666666666667,0.10333333333333333,0.41333333333333333,14
CA_15189,0.04666666666666667,0.023333333333333334,0.06666666666666667,0.07333333333333333,0.06333333333333334,0.0033333333333333335,0.04666666666666667,0.0,0.043333333333333335,0.0,0.08,0.0,0.0,0.11,0.44333333333333336,14
CA_15194,0.05,0.02,0.03333333333333333,0.07666666666666666,0.08333333333333333,0.0033333333333333335,0.043333333333333335,0.0,0.03666666666666667,0.0,0.08,0.0,0.0,0.12,0.4533333333333333,14
CA_15212,0.04666666666666667,0.013333333333333334,0.06,0.056666666666666664,0.07,0.0,0.06,0.0,0.03,0.0,0.06666666666666667,0.0033333333333333335,0.0,0.15333333333333332,0.44,14
CA_15214,0.05,0.016666666666666666,0.05,0.06,0.08333333333333333,0.0033333333333333335,0.06333333333333334,0.0,0.03333333333333333,0.0,0.07666666666666666,0.0033333333333333335,0.0,0.13333333333333333,0.4266666666666667,14
CA_15215,0.05,0.016666666666666666,0.06,0.06666666666666667,0.07333333333333333,0.0,0.05333333333333334,0.0,0.03,0.0,0.08,0.006666666666666667,0.0,0.14333333333333334,0.42,14
CA_15216,0.03333333333333333,0.02,0.05333333333333334,0.09333333333333334,0.056666666666666664,0.0033333333333333335,0.04,0.0,0.06,0.0,0.11666666666666667,0.0,0.0,0.11,0.41333333333333333,14
CA_15256,0.07666666666666666,0.013333333333333334,0.043333333333333335,0.11,0.1,0.0,0.07333333333333333,0.0,0.05333333333333334,0.0033333333333333335,0.09666666666666666,0.006666666666666667,0.006666666666666667,0.14333333333333334,0.2733333333333333,14
CA_15259,0.07666666666666666,0.03,0.06,0.12333333333333334,0.09333333333333334,0.006666666666666667,0.08333333333333333,0.0,0.07,0.0033333333333333335,0.1,0.006666666666666667,0.0033333333333333335,0.11,0.23333333333333334,14
CA_15278,0.056666666666666664,0.02666666666666667,0.06,0.13333333333333333,0.08,0.006666666666666667,0.09,0.0,0.07,0.0033333333333333335,0.10333333333333333,0.0033333333333333335,0.0,0.14,0.22666666666666666,14
CA_15283,0.03,0.01,0.07333333333333333,0.07,0.043333333333333335,0.0,0.05,0.0,0.023333333333333334,0.0,0.07,0.006666666666666667,0.0,0.15,0.47333333333333333,14
CA_15285,0.023333333333333334,0.03,0.07,0.10666666666666667,0.13,0.0033333333333333335,0.06666666666666667,0.0,0.06,0.0,0.04666666666666667,0.006666666666666667,0.0,0.11333333333333333,0.3433333333333333,14
CA_15287,0.03333333333333333,0.013333333333333334,0.05,0.07333333333333333,0.06333333333333334,0.0033333333333333335,0.056666666666666664,0.0,0.043333333333333335,0.0,0.043333333333333335,0.006666666666666667,0.0,0.13666666666666666,0.4766666666666667,14
CA_15312,0.06,0.016666666666666666,0.023333333333333334,0.09,0.08333333333333333,0.0,0.043333333333333335,0.0,0.03666666666666667,0.0,0.13666666666666666,0.0,0.0033333333333333335,0.12666666666666668,0.38,14
CA_16055,0.07666666666666666,0.02,0.04666666666666667,0.11,0.06,0.0,0.03,0.0,0.03333333333333333,0.006666666666666667,0.02,0.006666666666666667,0.016666666666666666,0.23333333333333334,0.34,14
CA_16059,0.05,0.05,0.02,0.10666666666666667,0.06,0.0033333333333333335,0.016666666666666666,0.0,0.056666666666666664,0.006666666666666667,0.056666666666666664,0.006666666666666667,0.0033333333333333335,0.25333333333333335,0.31,14
CA_16068,0.09,0.023333333333333334,0.023333333333333334,0.08666666666666667,0.07333333333333333,0.0033333333333333335,0.016666666666666666,0.0,0.03333333333333333,0.006666666666666667,0.01,0.0033333333333333335,0.013333333333333334,0.25666666666666665,0.36,14
CA_16070,0.07,0.01,0.05,0.12,0.08333333333333333,0.013333333333333334,0.043333333333333335,0.0,0.05,0.0033333333333333335,0.016666666666666666,0.006666666666666667,0.013333333333333334,0.22,0.3,14
CA_16096,0.02666666666666667,0.013333333333333334,0.016666666666666666,0.05,0.043333333333333335,0.0,0.02666666666666667,0.0,0.02666666666666667,0.0,0.05333333333333334,0.006666666666666667,0.0,0.18,0.5566666666666666,14
CA_16100,0.02666666666666667,0.02,0.03,0.04666666666666667,0.05333333333333334,0.0033333333333333335,0.02,0.0,0.04666666666666667,0.0033333333333333335,0.03,0.0033333333333333335,0.0,0.2,0.5166666666666667,14
CA_16101,0.023333333333333334,0.023333333333333334,0.07666666666666666,0.07,0.09333333333333334,0.006666666666666667,0.03666666666666667,0.0,0.04666666666666667,0.0033333333333333335,0.04666666666666667,0.0033333333333333335,0.0,0.11333333333333333,0.45666666666666667,14
CA_16105,0.03,0.04,0.013333333333333334,0.08,0.05333333333333334,0.006666666666666667,0.03333333333333333,0.0,0.08333333333333333,0.01,0.06333333333333334,0.0033333333333333335,0.0,0.24666666666666667,0.33666666666666667,14
CA_16121,0.03666666666666667,0.0,0.01,0.043333333333333335,0.02666666666666667,0.0,0.0033333333333333335,0.0,0.006666666666666667,0.0,0.0,0.0,0.0,0.29333333333333333,0.58,14
CA_16127,0.03333333333333333,0.0033333333333333335,0.02666666666666667,0.06,0.07333333333333333,0.006666666666666667,0.016666666666666666,0.0,0.02,0.0033333333333333335,0.01,0.0,0.0033333333333333335,0.30666666666666664,0.43666666666666665,14
CA_16134,0.08666666666666667,0.006666666666666667,0.023333333333333334,0.08666666666666667,0.15666666666666668,0.0,0.023333333333333334,0.0,0.04,0.006666666666666667,0.01,0.0033333333333333335,0.013333333333333334,0.3233333333333333,0.22,13
CA_16135,0.06666666666666667,0.01,0.02666666666666667,0.14333333333333334,0.18,0.0,0.016666666666666666,0.0033333333333333335,0.04666666666666667,0.006666666666666667,0.016666666666666666,0.0,0.013333333333333334,0.26666666666666666,0.20333333333333334,13
CA_16136,0.023333333333333334,0.0033333333333333335,0.006666666666666667,0.043333333333333335,0.02666666666666667,0.0,0.013333333333333334,0.0,0.006666666666666667,0.0033333333333333335,0.013333333333333334,0.0,0.0,0.19,0.67,14
CA_16139,0.043333333333333335,0.006666666666666667,0.02666666666666667,0.09333333333333334,0.11,0.01,0.02666666666666667,0.0,0.013333333333333334,0.0,0.013333333333333334,0.0,0.01,0.32,0.32666666666666666,14
CA_16143,0.07666666666666666,0.013333333333333334,0.03666666666666667,0.12666666666666668,0.13333333333333333,0.0,0.04,0.016666666666666666,0.043333333333333335,0.0033333333333333335,0.056666666666666664,0.006666666666666667,0.02666666666666667,0.2833333333333333,0.13666666666666666,13
CA_16146,0.04666666666666667,0.02666666666666667,0.07,0.11666666666666667,0.09333333333333334,0.006666666666666667,0.03666666666666667,0.0,0.05333333333333334,0.0033333333333333335,0.12333333333333334,0.0033333333333333335,0.0,0.17,0.25,14
CA_16151,0.023333333333333334,0.02,0.08333333333333333,0.09333333333333334,0.06,0.006666666666666667,0.023333333333333334,0.0,0.06666666666666667,0.0,0.023333333333333334,0.0033333333333333335,0.0,0.16,0.43666666666666665,14
CA_16153,0.02666666666666667,0.023333333333333334,0.03,0.043333333333333335,0.056666666666666664,0.01,0.03666666666666667,0.0,0.023333333333333334,0.0,0.043333333333333335,0.0,0.0033333333333333335,0.11333333333333333,0.59,14
CA_16158,0.03,0.02666666666666667,0.05,0.04666666666666667,0.08333333333333333,0.006666666666666667,0.04,0.0,0.016666666666666666,0.0,0.06666666666666667,0.0,0.0,0.14666666666666667,0.4866666666666667,14
CA_16159,0.03333333333333333,0.03666666666666667,0.05333333333333334,0.11,0.09,0.006666666666666667,0.05333333333333334,0.0,0.07333333333333333,0.0,0.10333333333333333,0.006666666666666667,0.0,0.14,0.29333333333333333,14
CA_16160,0.03666666666666667,0.02666666666666667,0.04666666666666667,0.04666666666666667,0.08,0.01,0.043333333333333335,0.0,0.016666666666666666,0.0,0.08333333333333333,0.0,0.0033333333333333335,0.13,0.4766666666666667,14
CA_16161,0.03,0.02666666666666667,0.08333333333333333,0.10333333333333333,0.09333333333333334,0.006666666666666667,0.05,0.0,0.03,0.0,0.11,0.0033333333333333335,0.0,0.10333333333333333,0.36,14
CA_16169,0.02666666666666667,0.01,0.023333333333333334,0.03666666666666667,0.04666666666666667,0.0033333333333333335,0.03,0.0,0.023333333333333334,0.0033333333333333335,0.03,0.0033333333333333335,0.0033333333333333335,0.13333333333333333,0.6266666666666667,14
CA_16176,0.043333333333333335,0.02,0.006666666666666667,0.06666666666666667,0.04666666666666667,0.0,0.03333333333333333,0.0,0.04,0.0033333333333333335,0.05,0.006666666666666667,0.0,0.27666666666666667,0.4066666666666667,14
CA_16205,0.03,0.02,0.03333333333333333,0.05333333333333334,0.06,0.0,0.03666666666666667,0.0,0.023333333333333334,0.0,0.11,0.0033333333333333335,0.0,0.12333333333333334,0.5066666666666667,14
CA_16487,0.043333333333333335,0.0033333333333333335,0.02,0.03,0.03,0.0,0.0033333333333333335,0.0,0.016666666666666666,0.0,0.0033333333333333335,0.0,0.0,0.29,0.56,14
CA_16510,0.03,0.03,0.043333333333333335,0.07,0.05,0.006666666666666667,0.04,0.0,0.043333333333333335,0.0,0.15333333333333332,0.0033333333333333335,0.0,0.14333333333333334,0.38666666666666666,14
CA_17050,0.04666666666666667,0.006666666666666667,0.03333333333333333,0.07333333333333333,0.03666666666666667,0.0,0.0033333333333333335,0.0,0.03333333333333333,0.006666666666666667,0.02,0.0,0.01,0.3566666666666667,0.37333333333333335,14
CA_17077,0.02666666666666667,0.03333333333333333,0.023333333333333334,0.14,0.09,0.016666666666666666,0.03333333333333333,0.0,0.06666666666666667,0.02,0.013333333333333334,0.0,0.0033333333333333335,0.23,0.30333333333333334,14
CA_17082,0.07,0.013333333333333334,0.016666666666666666,0.06,0.03,0.0,0.013333333333333334,0.0,0.02666666666666667,0.013333333333333334,0.03333333333333333,0.0033333333333333335,0.0033333333333333335,0.2866666666666667,0.43,14
CA_17100,0.08,0.023333333333333334,0.023333333333333334,0.07666666666666666,0.04,0.0,0.013333333333333334,0.0,0.05,0.006666666666666667,0.023333333333333334,0.0033333333333333335,0.01,0.28,0.37,14
CA_17110,0.016666666666666666,0.0033333333333333335,0.013333333333333334,0.01,0.013333333333333334,0.0,0.01,0.0,0.013333333333333334,0.01,0.03666666666666667,0.016666666666666666,0.0033333333333333335,0.13333333333333333,0.72,14
CA_17137,0.04,0.023333333333333334,0.06,0.11666666666666667,0.08666666666666667,0.006666666666666667,0.03666666666666667,0.0,0.05,0.0033333333333333335,0.03,0.0033333333333333335,0.013333333333333334,0.21666666666666667,0.31333333333333335,14
CA_17147,0.016666666666666666,0.006666666666666667,0.02666666666666667,0.02666666666666667,0.016666666666666666,0.0,0.02,0.0,0.03,0.0,0.03666666666666667,0.01,0.0,0.11,0.7,14
CA_17150,0.013333333333333334,0.013333333333333334,0.02,0.03,0.006666666666666667,0.0,0.01,0.0,0.03666666666666667,0.0,0.05,0.0033333333333333335,0.0,0.1,0.7166666666666667,14
CA_17202,0.023333333333333334,0.013333333333333334,0.02,0.04,0.03,0.0,0.013333333333333334,0.0,0.02666666666666667,0.0,0.02,0.006666666666666667,0.0,0.15333333333333332,0.6533333333333333,14
CA_17288,0.02,0.0033333333333333335,0.03333333333333333,0.03333333333333333,0.016666666666666666,0.0,0.016666666666666666,0.0,0.03,0.0,0.056666666666666664,0.013333333333333334,0.0,0.16666666666666666,0.61,14
CA_17325,0.023333333333333334,0.01,0.023333333333333334,0.03666666666666667,0.016666666666666666,0.0,0.01,0.0,0.03,0.0,0.04,0.02,0.0,0.18666666666666668,0.6033333333333334,14
CA_17329,0.016666666666666666,0.013333333333333334,0.02,0.023333333333333334,0.016666666666666666,0.0,0.0033333333333333335,0.0,0.02,0.0,0.02,0.013333333333333334,0.0,0.13333333333333333,0.72,14
CA_17338,0.016666666666666666,0.006666666666666667,0.016666666666666666,0.023333333333333334,0.013333333333333334,0.0,0.013333333333333334,0.0,0.03666666666666667,0.0,0.02666666666666667,0.0033333333333333335,0.0,0.09,0.7533333333333333,14
CA_17344,0.05,0.006666666666666667,0.006666666666666667,0.07666666666666666,0.023333333333333334,0.0,0.02,0.0,0.03666666666666667,0.0,0.023333333333333334,0.0033333333333333335,0.006666666666666667,0.15333333333333332,0.5933333333333334,14
CA_17453,0.05,0.013333333333333334,0.02666666666666667,0.023333333333333334,0.02,0.0033333333333333335,0.0,0.0,0.03333333333333333,0.0,0.016666666666666666,0.0,0.006666666666666667,0.17666666666666667,0.63,14
CA_17462,0.08,0.013333333333333334,0.016666666666666666,0.10666666666666667,0.06,0.0,0.01,0.0,0.06333333333333334,0.006666666666666667,0.03,0.01,0.006666666666666667,0.26666666666666666,0.33,14
