gauge_id,hii,human_influence_category
CH_2009,0.3950347297079331,High
CH_2011,0.35841634628099067,High
CH_2016,0.5055201954768429,High
CH_2018,0.5702961804650246,High
CH_2019,0.34812753335826574,High
CH_2020,0.3756953822135277,High
CH_2024,0.3769509470068044,High
CH_2033,0.3271211512117905,Medium
CH_2034,0.3775610820739681,High
CH_2044,0.43746214460151334,High
CH_2053,0.37814152518146227,High
CH_2056,0.29113457081022714,Medium
CH_2063,0.47363427841161554,High
CH_2067,0.3178190922414568,Medium
CH_2070,0.34022944347688105,Medium
CH_2078,0.30928517789000504,Medium
CH_2084,0.31542729540494097,Medium
CH_2085,0.5184498384802245,High
CH_2086,0.3595067142248862,High
CH_2087,0.2979985417130527,Medium
CH_2091,0.46444187474145987,High
CH_2106,0.40918783584313245,High
CH_2109,0.36508576833730877,High
CH_2110,0.49211493699444175,High
CH_2112,0.3337177804556194,Medium
CH_2117,0.3691689249914932,High
CH_2119,0.3829882933156058,High
CH_2122,0.3886878881382657,High
CH_2126,0.4445661400114407,High
CH_2132,0.5434504020283856,High
CH_2135,0.4453367506366549,High
CH_2139,0.4689447814396781,High
CH_2141,0.3321536569501119,Medium
CH_2143,0.5423158916582228,High
CH_2150,0.3404087182977982,Medium
CH_2151,0.34111411242587003,Medium
CH_2155,0.4131701402461861,High
CH_2159,0.4071054065303926,High
CH_2160,0.34948370172469945,High
CH_2161,0.30392235093141956,Medium
CH_2170,0.44569354824585156,High
CH_2174,0.5735147952969003,High
CH_2176,0.5154391080551027,High
CH_2179,0.3436025274838357,Medium
CH_2181,0.4576292934361308,High
CH_2185,0.36428089067303887,High
CH_2187,0.46326085335107164,High
CH_2199,0.43613314001989784,High
CH_2200,0.3366438333975356,Medium
CH_2202,0.49767621785303223,High
CH_2203,0.4110248966998434,High
CH_2205,0.6015009783234838,High
CH_2210,0.33732781074257545,Medium
CH_2215,0.4238304772397224,High
CH_2239,0.3558461700803028,High
CH_2243,0.6567112492611752,High
CH_2247,0.32570313377250176,Medium
CH_2262,0.3168780021627149,Medium
CH_2263,0.3206513056275876,Medium
CH_2265,0.32113040582582036,Medium
CH_2269,0.312921156054101,Medium
CH_2270,0.35719313294542215,High
CH_2289,0.5362180039069497,High
CH_2290,0.33278111971094115,Medium
CH_2303,0.37239092456705397,High
CH_2307,0.39922574466731536,High
CH_2321,0.4450205361700897,High
CH_2342,0.33450020960082705,Medium
CH_2346,0.30817814867379123,Medium
CH_2351,0.3198264266610352,Medium
CH_2352,0.3456443231543078,Medium
CH_2355,0.33192185069893954,Medium
CH_2364,0.3390161102241332,Medium
CH_2368,0.336473987420559,Medium
CH_2369,0.38076434622037786,High
CH_2372,0.33819831158767116,Medium
CH_2374,0.35762092249062716,High
CH_2378,0.3482902424700366,High
CH_2386,0.43997641023382256,High
CH_2387,0.34943237551827844,High
CH_2403,0.3119784052986644,Medium
CH_2409,0.33775651798208756,Medium
CH_2410,0.5447628952258782,High
CH_2415,0.6948948736656142,High
CH_2418,0.328096591371725,Medium
CH_2419,0.30516096998773923,Medium
CH_2420,0.32658261755751244,Medium
CH_2426,0.3438702568543102,Medium
CH_2432,0.4468785568419561,High
CH_2433,0.4445720761467115,High
CH_2434,0.44331374870663826,High
CH_2450,0.3898616666659855,High
CH_2458,0.42850006759756626,High
CH_2468,0.34149639073189486,Medium
CH_2469,0.34392856070634564,Medium
CH_2471,0.3989941133038669,High
CH_2473,0.4060391893096222,High
CH_2475,0.36275069967843687,High
CH_2478,0.3738614312176765,High
CH_2480,0.36445684504467485,High
CH_2481,0.3380422179317686,Medium
CH_2485,0.3696252308587663,High
CH_2487,0.3326746779295709,Medium
CH_2488,0.33664048347705733,Medium
CH_2490,0.46326952909199914,High
CH_2491,0.29941636041101777,Medium
CH_2493,0.4414445368209117,High
CH_2494,0.35507911267171854,High
CH_2497,0.37655423183091524,High
CH_2498,0.3415234096998384,Medium
CH_2602,0.36618590673314905,High
CH_2603,0.3449025764601102,Medium
CH_2605,0.36670556701440554,High
CH_2610,0.37734538729759903,High
CH_2617,0.30385156932223345,Medium
CH_2634,0.40105759969336213,High
CH_3009,0.3495700691603562,High
CH_3019,0.31731846966678534,Medium
CH_3032,0.32938455591556937,Medium
CH_3033,0.3143874031579325,Medium
CH_4002,0.34376306578523025,Medium
CH_4004,0.3572348042327736,High
CH_4006,0.3529154573165063,High
CH_4007,0.3815530955173433,High
CH_4009,0.3712181534391337,High
CH_4010,0.45508486426415423,High
CH_4011,0.3738999995375193,High
CH_4015,0.41586703388050816,High
CH_4016,0.39889134112025115,High
CH_4017,0.3623331941855993,High
CH_4018,0.37578269505389084,High
CH_4020,0.3645344545441484,High
CH_5009,0.26478086434319265,Medium
CH_5014,0.28919667185472364,Medium
CH_5032,0.3689619911939742,High
CL_1001001,0.164981727028801,Low
CL_1001002,0.1814231307395271,Medium
CL_1001003,0.15996284055510018,Low
CL_10100002,0.22602736010407934,Medium
CL_10100006,0.2657984059920615,Medium
CL_10102001,0.11732065929223685,Low
CL_10111001,0.14494551240999687,Low
CL_10121001,0.10943115571611466,Low
CL_10122001,0.13125660948379855,Low
CL_10122003,0.13170396443745963,Low
CL_10133000,0.10310416959526356,Low
CL_10134001,0.10158777919709086,Low
CL_10137001,0.10069603133162353,Low
CL_10140001,0.10485068697174486,Low
CL_10142003,0.10087876172987202,Low
CL_1020002,0.1788035581758816,Medium
CL_1020003,0.1874958854521564,Medium
CL_1021001,0.1933517289919063,Medium
CL_1021002,0.2034349340269983,Medium
CL_10304001,0.10258118372326465,Low
CL_10305001,0.09902293451929303,Low
CL_10306001,0.09963143603846794,Low
CL_10311001,0.10312775718536824,Low
CL_10313001,0.10666267729827507,Low
CL_10322003,0.10694715709797413,Low
CL_10327001,0.10103202054126696,Low
CL_10328001,0.10379447319492388,Low
CL_10340001,0.10051495652350591,Low
CL_10343001,0.09958324059523674,Low
CL_10343002,0.10102115589285508,Low
CL_10344003,0.10196742666625676,Low
CL_10344004,0.10130264378731905,Low
CL_10351001,0.10563963781157917,Low
CL_10356001,0.10712645672744327,Low
CL_10362001,0.10644137740783419,Low
CL_10363002,0.10823058211427995,Low
CL_10364001,0.10827209459846567,Low
CL_10401001,0.1002869341661823,Low
CL_10405001,0.1003682656509487,Low
CL_10405002,0.10018158671960542,Low
CL_10405005,0.09975609285006058,Low
CL_1041002,0.17241915397165283,Medium
CL_10411002,0.16400949110861873,Low
CL_10414001,0.11690655763163661,Low
CL_10431000,0.1051757104598664,Low
CL_10431001,0.10245148677387757,Low
CL_10432002,0.10262762739768445,Low
CL_10432003,0.10516433079614812,Low
CL_10440000,0.10245018005704841,Low
CL_1044001,0.13315428858390901,Low
CL_1050002,0.20249853912397667,Medium
CL_1050004,0.20249125355695935,Medium
CL_10503001,0.14017101046600933,Low
CL_10514001,0.16483417009389426,Low
CL_10520001,0.1525357901049969,Low
CL_10523002,0.15126433952100632,Low
CL_10701002,0.13228224202318575,Low
CL_10702002,0.4350945786565857,High
CL_10704002,0.4060647321298714,High
CL_11020004,0.2127565744424583,Medium
CL_11040001,0.17012342331729619,Medium
CL_11130001,0.1290676673344866,Low
CL_11141001,0.13963179006020174,Low
CL_11143001,0.137088865925088,Low
CL_11143002,0.15480373061407468,Low
CL_11147001,0.13510736403777782,Low
CL_11147002,0.1291917247203745,Low
CL_11151001,0.1286571665049474,Low
CL_11302001,0.13100153590859925,Low
CL_11307001,0.13021535813036145,Low
CL_11308001,0.13123711794095597,Low
CL_11310001,0.19947164471850248,Medium
CL_11310002,0.12947853565232817,Low
CL_11310003,0.13079078768931543,Low
CL_11312001,0.129658195506977,Low
CL_11314001,0.13725977163241768,Low
CL_11315001,0.13489068705362167,Low
CL_11316001,0.1427642352947576,Low
CL_11317001,0.1406416366246332,Low
CL_11335002,0.12921602827865775,Low
CL_11337001,0.14421431645979105,Low
CL_11342001,0.1379044684858524,Low
CL_11405001,0.1286344727573061,Low
CL_11500002,0.1286892515948832,Low
CL_11504001,0.12886141072742427,Low
CL_11505001,0.12933285734620162,Low
CL_11514001,0.12910462461236638,Low
CL_11520002,0.20060150471235477,Medium
CL_11521001,0.1295825801868464,Low
CL_11530000,0.19281091461190913,Medium
CL_11532000,0.12862078186486045,Low
CL_11536001,0.2900870010390241,Medium
CL_11536004,0.18979087003290063,Medium
CL_11542001,0.20237068384030735,Medium
CL_11545000,0.1991578466547714,Medium
CL_11701001,0.25607126312875106,Medium
CL_11710000,0.24309522340754997,Medium
CL_11711000,0.24021086435060068,Medium
CL_1201001,0.20381580740782654,Medium
CL_1201003,0.2008923971182349,Medium
CL_1201005,0.19656998578467585,Medium
CL_1210001,0.20235974793988362,Medium
CL_1211001,0.20666240471328876,Medium
CL_12280002,0.17517331369120087,Medium
CL_12284002,0.1735598830694721,Medium
CL_12284003,0.30690376319382845,Medium
CL_12284005,0.2972740064220501,Medium
CL_12284006,0.17685526484467143,Medium
CL_12284007,0.24908177136269707,Medium
CL_12285001,0.23420711468038263,Medium
CL_12285003,0.18295511605346862,Medium
CL_12286002,0.16820512604164772,Medium
CL_12287001,0.16667007668461464,Low
CL_12288002,0.1664171389600453,Low
CL_12288003,0.1664187647125242,Low
CL_12288004,0.16641895074352236,Low
CL_12289001,0.20641690871717067,Medium
CL_12289002,0.23001972457394534,Medium
CL_12289003,0.22987995434237674,Medium
CL_12291001,0.1704030574866813,Medium
CL_12400003,0.21848890942557803,Medium
CL_12400004,0.18513921778952713,Medium
CL_12448001,0.16648227464002072,Low
CL_12452001,0.16647877105129613,Low
CL_12561001,0.16781571543224716,Medium
CL_12563001,0.1665535069711905,Low
CL_12582001,0.16672155681682335,Low
CL_12585001,0.16776184667657812,Low
CL_12585002,0.2162160990179728,Medium
CL_12586001,0.2141337759426823,Medium
CL_12600001,0.16671425477191087,Low
CL_12622001,0.1678621780833921,Medium
CL_12660001,0.17364322445748037,Medium
CL_12802001,0.16892475216409739,Medium
CL_12805001,0.1665583595738672,Low
CL_12806001,0.16682715076167023,Low
CL_12820001,0.16678723487601346,Low
CL_12825002,0.2862351048802188,Medium
CL_12861001,0.1935901520953048,Medium
CL_12863002,0.17069130659943807,Medium
CL_12865001,0.16690013348608515,Low
CL_12872001,0.17962074054991384,Medium
CL_12876001,0.16664279236485402,Low
CL_12876004,0.1687518617921285,Medium
CL_12878001,0.2023916637433934,Medium
CL_12930001,0.1670319205307543,Low
CL_1300009,0.20331330529828262,Medium
CL_1310002,0.2039914830504222,Medium
CL_1410004,0.20332198803297105,Medium
CL_1502002,0.20312361670024157,Medium
CL_1502008,0.20307352962055536,Medium
CL_1610002,0.2038274886915356,Medium
CL_1610004,0.20330324506593697,Medium
CL_1730001,0.20323781330646037,Medium
CL_1730002,0.2034977317226758,Medium
CL_1730003,0.20304685447040463,Medium
CL_1730007,0.20286695192402224,Medium
CL_1730012,0.20354710802663217,Medium
CL_2101001,0.3958989275443171,High
CL_2103001,0.3169048607978844,Medium
CL_2103002,0.3232492473141628,Medium
CL_2103003,0.3233104229968702,Medium
CL_2103014,0.06327440167105347,Low
CL_2104002,0.3817027516277168,High
CL_2104003,0.38079814962545705,High
CL_2104013,0.38079778161628086,High
CL_2105001,0.4001179074299857,High
CL_2105002,0.40056131800630373,High
CL_2105005,0.4011830752216843,High
CL_2105007,0.3994453816268628,High
CL_2110001,0.3913785438954354,High
CL_2110002,0.3913785438954354,High
CL_2110004,0.3920990523556128,High
CL_2110031,0.38973582933988943,High
CL_2112005,0.39957485938143356,High
CL_2112006,0.3971760382777625,High
CL_2112007,0.3985865598669953,High
CL_2113001,0.39850567233248524,High
CL_2510001,0.3579230368959388,High
CL_3022001,0.2080593768031839,Medium
CL_3041001,0.2085235730928267,Medium
CL_3041002,0.21564402925793213,Medium
CL_3041003,0.20288620527040074,Medium
CL_3041004,0.20384593369596268,Medium
CL_3041005,0.21046538642920049,Medium
CL_3050001,0.21107907529040917,Medium
CL_3404001,0.2066542949342656,Medium
CL_3414001,0.21241048356864697,Medium
CL_3421001,0.21000470460923068,Medium
CL_3430001,0.2089742316057466,Medium
CL_3430002,0.20915167677146396,Medium
CL_3430003,0.20884934524943716,Medium
CL_3431001,0.20937376675313366,Medium
CL_3434001,0.21005700203659383,Medium
CL_3434003,0.21010366914565,Medium
CL_3450001,0.21207169917023533,Medium
CL_3453001,0.2138744184209734,Medium
CL_3802001,0.2023930786982327,Medium
CL_3804002,0.20493760210510503,Medium
CL_3806001,0.20694337373769323,Medium
CL_3814001,0.20511614518567417,Medium
CL_3814003,0.2039955896753542,Medium
CL_3815001,0.20586986013070843,Medium
CL_3815002,0.20494922341491115,Medium
CL_3820001,0.20655174229748777,Medium
CL_3820002,0.2066006978020599,Medium
CL_3820003,0.20670167187097047,Medium
CL_3825001,0.209868399473336,Medium
CL_3826001,0.21031547743474088,Medium
CL_4301002,0.13463403979928207,Low
CL_4302001,0.14314047155833848,Low
CL_4306001,0.1392450579286856,Low
CL_4308001,0.1405394209727285,Low
CL_4311001,0.13681814057323022,Low
CL_4313001,0.13594261808871577,Low
CL_4314001,0.13707714420364797,Low
CL_4314002,0.13774072889618308,Low
CL_4320001,0.13978835359727218,Low
CL_4323001,0.14032668944182106,Low
CL_4335001,0.1416939514791812,Low
CL_4400001,0.18582226290410933,Medium
CL_4501001,0.13568486709384758,Low
CL_4501002,0.13596420212986637,Low
CL_4502001,0.13733414637599214,Low
CL_4503001,0.13814828010355257,Low
CL_4506002,0.13832402057186463,Low
CL_4511002,0.1305733351717935,Low
CL_4512001,0.13379017310202648,Low
CL_4513001,0.13410103332608894,Low
CL_4514001,0.13216361579921398,Low
CL_4515001,0.13368048517792464,Low
CL_4515002,0.1354544289097546,Low
CL_4516001,0.13555975730350325,Low
CL_4520001,0.13583008433820704,Low
CL_4522001,0.13681653442559943,Low
CL_4522002,0.13924125815421062,Low
CL_4523001,0.13679827207575346,Low
CL_4523002,0.1369745148508057,Low
CL_4530001,0.13691501756108984,Low
CL_4531001,0.1372123293184778,Low
CL_4531002,0.13894857873989408,Low
CL_4532001,0.13736612027137424,Low
CL_4533002,0.13844375813018026,Low
CL_4534001,0.14118690501747808,Low
CL_4535002,0.19901892505456326,Medium
CL_4537001,0.18597470868092308,Medium
CL_4540001,0.182528578224447,Medium
CL_4540002,0.18607799470772063,Medium
CL_4550003,0.34680111647351697,High
CL_4556001,0.14708672149972307,Low
CL_4557002,0.14631947204540052,Low
CL_4558001,0.27103709970060386,Medium
CL_4703001,0.13371162954469218,Low
CL_4703002,0.1338863514420988,Low
CL_4704001,0.1466719838532256,Low
CL_4704002,0.14626439139391423,Low
CL_4711001,0.13896697652968587,Low
CL_4712001,0.13057803283079447,Low
CL_4714001,0.1419265554081519,Low
CL_4716001,0.1399195838848299,Low
CL_4716004,0.14013135834381454,Low
CL_4721001,0.1312244282697855,Low
CL_4723001,0.13441594497278744,Low
CL_4726001,0.13957951069973643,Low
CL_4730001,0.1399917946852235,Low
CL_4810001,0.14743098550430758,Low
CL_4810005,0.1474064353173765,Low
CL_4810006,0.14738368248774905,Low
CL_5100001,0.14275046044652417,Low
CL_5101001,0.14266680979409357,Low
CL_5101002,0.1435977490297969,Low
CL_5110002,0.14576013201994215,Low
CL_5120001,0.14656427009465897,Low
CL_5200001,0.14334037308203995,Low
CL_5221001,0.14929188318622494,Low
CL_5221002,0.15050379254681348,Low
CL_5320001,0.1591684987166362,Low
CL_5401003,0.14917687727552967,Low
CL_5402001,0.16566342229614892,Low
CL_5402015,0.17806257062593273,Medium
CL_5403002,0.15647448299178146,Low
CL_5403003,0.15117471619010242,Low
CL_5406001,0.15554003054407053,Low
CL_5410002,0.1531997106253608,Low
CL_5410005,0.1609230497541586,Low
CL_5411001,0.15307540493843055,Low
CL_5411002,0.18459833075574192,Medium
CL_5414001,0.1420523514200828,Low
CL_5420002,0.16696641107671797,Low
CL_5421001,0.15126953921987962,Low
CL_5421002,0.15126953921987962,Low
CL_5422001,0.1788331799975553,Medium
CL_5423002,0.17893352769207402,Medium
CL_5423003,0.15838991377889686,Low
CL_5423004,0.16766574022544123,Low
CL_5423005,0.159790624704477,Low
CL_5423006,0.15519506184504533,Low
CL_5427003,0.18700721402856568,Medium
CL_5701001,0.1951501972137722,Medium
CL_5701002,0.19559564318321992,Medium
CL_5702001,0.19458229315428413,Medium
CL_5703006,0.31286459491828933,Medium
CL_5704002,0.21451977744611142,Medium
CL_5705001,0.1952105687333764,Medium
CL_5706001,0.19405057583722587,Medium
CL_5707002,0.19670840513383872,Medium
CL_5710001,0.2145415531035,Medium
CL_5715001,0.22741417174791548,Medium
CL_5716001,0.22079189351817324,Medium
CL_5720001,0.21319505097158672,Medium
CL_5721001,0.21280419905337547,Medium
CL_5721016,0.22806960156218353,Medium
CL_5722001,0.2181492834577632,Medium
CL_5722002,0.21850455877887173,Medium
CL_5730005,0.6191040669854153,High
CL_5730008,0.573499993267214,High
CL_5734001,0.215099171620674,Medium
CL_5737002,0.31909590490122375,Medium
CL_5741001,0.17513357876075092,Medium
CL_5746001,0.2122508280218052,Medium
CL_5748001,0.26018268604567846,Medium
CL_6000003,0.14104298504791998,Low
CL_6002001,0.14186603949322427,Low
CL_6003001,0.14266290327932787,Low
CL_6006001,0.15869128989512374,Low
CL_6008005,0.149801726727345,Low
CL_6011001,0.21330663478252915,Medium
CL_6013001,0.14341282008352016,Low
CL_6015001,0.1659211452333761,Low
CL_6018001,0.16349804471263146,Low
CL_6019003,0.16483427629129632,Low
CL_6025001,0.14126576938828178,Low
CL_6027001,0.14022986056364023,Low
CL_6028001,0.14127464639898532,Low
CL_6033001,0.14541725400552977,Low
CL_6033011,0.12200882911307881,Low
CL_6034001,0.14750735123893455,Low
CL_6034022,0.1454689311343037,Low
CL_6034023,0.14738159429687903,Low
CL_6035001,0.1487589990622248,Low
CL_6043001,0.19012930866496666,Medium
CL_6132001,0.13814381595588646,Low
CL_7102001,0.11089581494411525,Low
CL_7102005,0.11201621580670994,Low
CL_7103001,0.10547343583523441,Low
CL_7104001,0.10675619251074582,Low
CL_7104002,0.10928916077709189,Low
CL_7112001,0.1098547780557802,Low
CL_7115001,0.10506464756314096,Low
CL_7116001,0.1073861279286762,Low
CL_7123001,0.11901145807314246,Low
CL_7200002,0.10859391091047625,Low
CL_7300001,0.11171252149453177,Low
CL_7303000,0.2529345782346858,Medium
CL_7306001,0.10597164292332469,Low
CL_7308001,0.19323922158442647,Medium
CL_7308002,0.20172286835629133,Medium
CL_7317003,0.11159477193232989,Low
CL_7317005,0.11191641203219607,Low
CL_7320003,0.10471992343354009,Low
CL_7321002,0.16913381004077765,Medium
CL_7322001,0.21119726487899726,Medium
CL_7330001,0.11437173366796667,Low
CL_7331001,0.10977700076450238,Low
CL_7332001,0.11556924531415737,Low
CL_7335001,0.11565854207417695,Low
CL_7335002,0.12067352663361323,Low
CL_7336001,0.1213907881500975,Low
CL_7339001,0.11720131667552491,Low
CL_7340001,0.10867863687881149,Low
CL_7341001,0.11086130137573082,Low
CL_7343001,0.10992170903744779,Low
CL_7350001,0.14232119112478,Low
CL_7350002,0.1422544551721416,Low
CL_7350003,0.10750079374860136,Low
CL_7351001,0.11475663678346909,Low
CL_7354001,0.10603331130238819,Low
CL_7354002,0.10597239958047107,Low
CL_7355001,0.10879705441959696,Low
CL_7355002,0.10915877998819186,Low
CL_7355003,0.10990260788208576,Low
CL_7357002,0.11921089323970192,Low
CL_7358001,0.11629441375039883,Low
CL_7359001,0.11736171236569742,Low
CL_7372001,0.1099506487036838,Low
CL_7374001,0.10620041428435423,Low
CL_7379001,0.11791663272872925,Low
CL_7379002,0.12033918170196502,Low
CL_7381001,0.11153659383715638,Low
CL_7383001,0.1977626339300067,Medium
CL_7400001,0.10826415979895994,Low
CL_8104001,0.13997954795869486,Low
CL_8105001,0.1378104793317932,Low
CL_8106001,0.13317628870149015,Low
CL_8106002,0.1332741108492029,Low
CL_8112001,0.11933762617660827,Low
CL_8114001,0.1256489304157468,Low
CL_8115001,0.12996220063616234,Low
CL_8117001,0.14571116431247452,Low
CL_8117004,0.12267538983049288,Low
CL_8117005,0.1457915915671514,Low
CL_8117006,0.11880871092480709,Low
CL_8117008,0.12818054619857247,Low
CL_8118001,0.13176599267099512,Low
CL_8123001,0.12364115017630943,Low
CL_8124001,0.12468859122654904,Low
CL_8124002,0.1253700418426218,Low
CL_8130001,0.1253431218822112,Low
CL_8130002,0.1189860102910649,Low
CL_8132001,0.12493290540226812,Low
CL_8133001,0.12497160873710349,Low
CL_8134002,0.12795773952753278,Low
CL_8134003,0.1359101389865488,Low
CL_8135002,0.12759822946178076,Low
CL_8140002,0.1309015108379515,Low
CL_8141001,0.13107626327450597,Low
CL_8144001,0.12303024328609469,Low
CL_8210003,0.14877250696839545,Low
CL_8220001,0.1524769710233336,Low
CL_8220008,0.22582381692549097,Medium
CL_8220009,0.136044398515097,Low
CL_8220010,0.1401735748864111,Low
CL_8304001,0.09111690545314896,Low
CL_8307002,0.09186494000153402,Low
CL_8308000,0.09172626786650707,Low
CL_8312000,0.09360055272654325,Low
CL_8312001,0.09415056455896481,Low
CL_8313000,0.1185221785468811,Low
CL_8313001,0.09516117647954293,Low
CL_8316002,0.11944214613274179,Low
CL_8317001,0.1013625848840451,Low
CL_8317002,0.1201020141871369,Low
CL_8317004,0.099755879378345,Low
CL_8317005,0.10094125276703261,Low
CL_8319001,0.10333246167594926,Low
CL_8323001,0.12143683981887404,Low
CL_8323002,0.11959474118328252,Low
CL_8324002,0.173816326265535,Medium
CL_8330001,0.12206762228570395,Low
CL_8332001,0.12200570266833628,Low
CL_8334001,0.11009332393458712,Low
CL_8342001,0.09733058816342718,Low
CL_8343001,0.09017182210795387,Low
CL_8350001,0.08664901413558611,Low
CL_8351001,0.09040855714515296,Low
CL_8356001,0.09094915353131107,Low
CL_8358001,0.0972840267377962,Low
CL_8362001,0.10056795739752854,Low
CL_8366002,0.18376854557777134,Medium
CL_8372002,0.13671377394447967,Low
CL_8376001,0.1207900230765667,Low
CL_8380001,0.12310674260442885,Low
CL_8380006,0.12310791074225248,Low
CL_8381003,0.12335600882228322,Low
CL_8383001,0.12411253141441674,Low
CL_8385001,0.1354139023446521,Low
CL_8386001,0.12718098490842028,Low
CL_8393002,0.16337059774680454,Low
CL_8394001,0.11524620049663471,Low
CL_8430001,0.1994552937346009,Medium
CL_8530001,0.12278304731578474,Low
CL_8700002,0.14087363153062724,Low
CL_8700003,0.13938297059814958,Low
CL_8720001,0.13120324232348562,Low
CL_8820001,0.12035738983182312,Low
CL_8821001,0.11888039370561529,Low
CL_8821002,0.11867215048339104,Low
CL_8821003,0.1319698684933365,Low
CL_8821006,0.12294784564299609,Low
CL_8822001,0.13132353437593278,Low
CL_8822002,0.11514968593366919,Low
CL_8910001,0.11657069787757239,Low
CL_9101001,0.10055006922472182,Low
CL_9101002,0.10060391812403804,Low
CL_9102001,0.09564065347388168,Low
CL_9104001,0.10042547673236905,Low
CL_9104002,0.09960928830530467,Low
CL_9106001,0.08882519162859139,Low
CL_9107001,0.0924209417063172,Low
CL_9107002,0.09384501295701068,Low
CL_9111001,0.09390386024220419,Low
CL_9113001,0.0954135005862519,Low
CL_9116001,0.09430151556366415,Low
CL_9122002,0.08761328140413163,Low
CL_9123001,0.09057605313376078,Low
CL_9126001,0.08771023108208882,Low
CL_9127001,0.08891027564364101,Low
CL_9129002,0.09352336021642403,Low
CL_9131001,0.08938467717706482,Low
CL_9134001,0.08792971975529697,Low
CL_9135001,0.09131565087793349,Low
CL_9140001,0.10053480470221239,Low
CL_9400000,0.08708328018320258,Low
CL_9402001,0.08727235578302354,Low
CL_9404001,0.0885896745197664,Low
CL_9405001,0.08694183368520363,Low
CL_9412001,0.1257361544765917,Low
CL_9414001,0.10484081608243379,Low
CL_9416001,0.08829402670389795,Low
CL_9420001,0.1005178480506232,Low
CL_9423001,0.10045768240161983,Low
CL_9433001,0.09431848971453415,Low
CL_9434001,0.09336404049156352,Low
CL_9436001,0.08938987596837587,Low
CL_9437002,0.09684848159338146,Low
CA_15013,0.027523767332571086,Low
CA_15016,0.025691595128745488,Low
CA_15020,0.024537506807261075,Low
CA_15022,0.024149581231346605,Low
CA_15025,0.032390639758704806,Low
CA_15030,0.02530218950687093,Low
CA_15034,0.028285822560535977,Low
CA_15039,0.03550994719380452,Low
CA_15040,0.024057409349209385,Low
CA_15044,0.024161867787546316,Low
CA_15045,0.025318962545550446,Low
CA_15049,0.026083891406699315,Low
CA_15051,0.02519137162719652,Low
CA_15054,0.025631430541932045,Low
CA_15069,0.029775872634313985,Low
CA_15070,0.03477445124582251,Low
CA_15081,0.025728798119897284,Low
CA_15083,0.04276880043387386,Low
CA_15090,0.027907869192482584,Low
CA_15102,0.019667048739848376,Low
CA_15149,0.08385655479943464,Low
CA_15171,0.02271630988581506,Low
CA_15189,0.02589980671825495,Low
CA_15194,0.024282004440726746,Low
CA_15212,0.023538996274908755,Low
CA_15214,0.023157819948309608,Low
CA_15215,0.02462826399778528,Low
CA_15216,0.023269224131012192,Low
CA_15256,0.027229880190021878,Low
CA_15259,0.0252364101777115,Low
CA_15278,0.022233927772009728,Low
CA_15283,0.020613799133591192,Low
CA_15285,0.018721819395298468,Low
CA_15287,0.019052426941647924,Low
CA_15312,0.02405461954175852,Low
CA_16055,0.022515599463316313,Low
CA_16059,0.019715329187717522,Low
CA_16068,0.022827524928499408,Low
CA_16070,0.02246648079238837,Low
CA_16096,0.02079712446433141,Low
CA_16100,0.019315203606509488,Low
CA_16101,0.6987927384612092,High
CA_16105,0.016624301411959034,Low
CA_16121,0.014070229479067064,Low
CA_16127,0.014372515432738145,Low
CA_16134,0.014430388306499627,Low
CA_16135,0.01707071470726655,Low
CA_16136,0.014272288325196086,Low
CA_16139,0.01731123747528205,Low
CA_16143,0.02204204644710149,Low
CA_16146,0.017169715092737754,Low
CA_16151,0.017493941600568223,Low
CA_16153,0.012894227645855818,Low
CA_16158,0.018260056342936058,Low
CA_16159,0.029551053844226956,Low
CA_16160,0.021923074656601187,Low
CA_16161,0.01498965174550468,Low
CA_16169,0.014246751854461259,Low
CA_16176,0.01435424948786129,Low
CA_16205,0.0135477232667677,Low
CA_16487,0.013173930520174905,Low
CA_16510,0.01795625593066659,Low
CA_17050,0.005603003316536826,Low
CA_17077,0.02952733105561607,Low
CA_17082,0.009004357507741001,Low
CA_17100,0.012780971705283058,Low
CA_17110,0.005467773237738466,Low
CA_17137,0.02531805756631837,Low
CA_17147,0.006706230881131428,Low
CA_17150,0.009036596456619535,Low
CA_17202,0.00915544123029684,Low
CA_17288,0.007537053012241872,Low
CA_17325,0.00580605223160762,Low
CA_17329,0.005650817678392978,Low
CA_17338,0.0063741145209902095,Low
CA_17344,0.011356231962360132,Low
CA_17453,0.006740354836516489,Low
CA_17462,0.013126738421882375,Low
USA_01013500,0.3086454464169473,Medium
USA_01022500,0.3060819962220208,Medium
USA_01030500,0.3145168794795209,Medium
USA_01031500,0.3101324867215222,Medium
USA_01047000,0.3120187645969323,Medium
USA_01052500,0.351636825267271,High
USA_01054200,0.3406331771288155,Medium
USA_01055000,0.31039195153220045,Medium
USA_01057000,0.3227845047753681,Medium
USA_01073000,0.4377387247775627,High
USA_01078000,0.3662029652240612,High
USA_01118300,0.410225607499887,High
USA_01121000,0.45875839486579584,High
USA_01123000,0.4491442351109002,High
USA_01134500,0.33427657049798,Medium
USA_01137500,0.36826452449722613,High
USA_01139000,0.344274223650564,Medium
USA_01139800,0.34309572076236483,Medium
USA_01142500,0.3450205164212296,Medium
USA_01144000,0.3450154241974286,Medium
USA_01162500,0.42056497398724385,High
USA_01169000,0.38737905257448546,High
USA_01170100,0.4140120386858115,High
USA_01181000,0.41610206740288364,High
USA_01187300,0.5264233573948769,High
USA_01195100,0.5533150840036879,High
USA_01333000,0.4344777235364249,High
USA_01350000,0.40308064600138244,High
USA_01350080,0.397698312517064,High
USA_01350140,0.42411844448554104,High
USA_01365000,0.3966972649943468,High
USA_01411300,0.4232131940068011,High
USA_01413500,0.3969563151465671,High
USA_01414500,0.3906749363374089,High
USA_01415000,0.39404124867981744,High
USA_01423000,0.40071792838966314,High
USA_01434025,0.3906849235577702,High
USA_01435000,0.39264698435404904,High
USA_01439500,0.35788684673342597,High
USA_01440000,0.40997470844137984,High
USA_01440400,0.3676494998705548,High
USA_01451800,0.4569559066002381,High
USA_01466500,0.4221343085998208,High
USA_01484100,0.4110663670672579,High
USA_01485500,0.4014784090429212,High
USA_01486000,0.4457187765441536,High
USA_01487000,0.375124227818946,High
USA_01491000,0.37769897251971046,High
USA_01510000,0.3952430670554786,High
USA_01516500,0.366224945202813,High
USA_01518862,0.351666948781385,High
USA_01532000,0.3489513684110612,High
USA_01539000,0.35190443597107135,High
USA_01542810,0.33982374113812097,Medium
USA_01543000,0.34528671500994257,Medium
USA_01543500,0.3436178466637556,Medium
USA_01544500,0.3387853548035042,Medium
USA_01545600,0.33634642924898484,Medium
USA_01547700,0.34750244303329425,High
USA_01548500,0.3455750452211289,Medium
USA_01549500,0.34798375587679686,High
USA_01550000,0.34484387249480697,Medium
USA_01552000,0.344633693311748,Medium
USA_01552500,0.3444865355625168,Medium
USA_01557500,0.36400439111930266,High
USA_01567500,0.3497066592786771,High
USA_01568000,0.3513374850547597,High
USA_01580000,0.4346066485659181,High
USA_01583500,0.4988356465917166,High
USA_01586610,0.4723121189762186,High
USA_01591400,0.45464854876740535,High
USA_01594950,0.3158720678094667,Medium
USA_01596500,0.39980583774000283,High
USA_01605500,0.28531930159023583,Medium
USA_01606500,0.25925295850242747,Medium
USA_01613050,0.35006946953767115,High
USA_01620500,0.346009435874048,Medium
USA_01632000,0.3516223083281616,High
USA_01632900,0.3899436879694314,High
USA_01634500,0.35089972745981624,High
USA_01638480,0.40766918525249723,High
USA_01639500,0.43434472316656003,High
USA_01644000,0.38921162788570945,High
USA_01658500,0.49945549121552696,High
USA_01664000,0.3744247276466585,High
USA_01666500,0.373275398972235,High
USA_01667500,0.3749665860362804,High
USA_01669000,0.37798460999531414,High
USA_01669520,0.3667733408539479,High
USA_02011400,0.36097461538402875,High
USA_02011460,0.37808906308096546,High
USA_02013000,0.33392306139549294,Medium
USA_02014000,0.32670190053921727,Medium
USA_02015700,0.3535595204217717,High
USA_02016000,0.35871008134244703,High
USA_02017500,0.35139755688028745,High
USA_02018000,0.3598600796849653,High
USA_02027000,0.36567412024386636,High
USA_02027500,0.3637913091604588,High
USA_02028500,0.3768725124733274,High
USA_02038850,0.3634214676310406,High
USA_02046000,0.372007133814654,High
USA_02051000,0.3706424934811435,High
USA_02051500,0.3717877384383863,High
USA_02053200,0.3101240666667077,Medium
USA_02053800,0.3842188322546893,High
USA_02055100,0.4992941195992381,High
USA_02056900,0.3810752092034307,High
USA_02059500,0.37763753513452397,High
USA_02064000,0.3746085386066524,High
USA_02065500,0.3685815959048049,High
USA_02069700,0.36826341123971224,High
USA_02070000,0.3716755460306781,High
USA_02074500,0.3838032459931562,High
USA_02077200,0.30944364335809627,Medium
USA_02081500,0.3121684879294508,Medium
USA_02082950,0.30633143735031426,Medium
USA_02092500,0.3081866559185147,Medium
USA_02096846,0.318583831192977,Medium
USA_02102908,0.32145645696985575,Medium
USA_02108000,0.31645831599908963,Medium
USA_02111180,0.30790177606941915,Medium
USA_02111500,0.32149182441919966,Medium
USA_02112120,0.30579497376673953,Medium
USA_02112360,0.3085357201258799,Medium
USA_02118500,0.3153451685746562,Medium
USA_02125000,0.3158148072598078,Medium
USA_02128000,0.32112884480090104,Medium
USA_02137727,0.3167868502050338,Medium
USA_02140991,0.30482482469684635,Medium
USA_02143000,0.35535825474356925,High
USA_02143040,0.32480646544704994,Medium
USA_02149000,0.32759384025526,Medium
USA_02152100,0.3044127030847587,Medium
USA_02177000,0.2936995665365316,Medium
USA_02178400,0.2965274396080778,Medium
USA_02193340,0.29970778387924646,Medium
USA_02196000,0.2796828956403298,Medium
USA_02198100,0.29905144285933266,Medium
USA_02202600,0.3146622776201782,Medium
USA_02212600,0.29956669882830167,Medium
USA_02215100,0.31682504669627404,Medium
USA_02216180,0.3022137549754376,Medium
USA_02221525,0.3100880726885278,Medium
USA_02231000,0.3116397586755207,Medium
USA_02231342,0.30923689819764166,Medium
USA_02235200,0.3331588727757023,Medium
USA_02245500,0.31985200659601615,Medium
USA_02246000,0.352572084480565,High
USA_02296500,0.323955561016694,Medium
USA_02297155,0.3240341324752288,Medium
USA_02297310,0.31721392760795686,Medium
USA_02298123,0.30770825716680167,Medium
USA_02298608,0.3138056677260594,Medium
USA_02299950,0.319337273412423,Medium
USA_02300700,0.5171886197299708,High
USA_02310947,0.3441307568444422,Medium
USA_02312200,0.32667999082134036,Medium
USA_02314500,0.2961493162748854,Medium
USA_02315500,0.2993026799208098,Medium
USA_02324400,0.30691771262715944,Medium
USA_02327100,0.30321605507772553,Medium
USA_02342933,0.24825730412240402,Medium
USA_02349900,0.30509228137029876,Medium
USA_02350900,0.30127731871521124,Medium
USA_02361000,0.2620757450078806,Medium
USA_02363000,0.2558158122827218,Medium
USA_02369800,0.24981664149481986,Medium
USA_02371500,0.262749552821152,Medium
USA_02372250,0.2578486562008588,Medium
USA_02374500,0.25724861130691606,Medium
USA_02381600,0.3178712388669324,Medium
USA_02384540,0.34444661655406983,Medium
USA_02395120,0.3442881857085237,Medium
USA_02408540,0.2557196294548652,Medium
USA_02415000,0.25771779844611603,Medium
USA_02422500,0.26431867700949885,Medium
USA_02427250,0.24687430620111173,Medium
USA_02430085,0.33203949373184993,Medium
USA_02430615,0.2984796462168551,Medium
USA_02450250,0.24849236403200708,Medium
USA_02464000,0.2549762341443519,Medium
USA_02464146,0.2586938349072421,Medium
USA_02464360,0.25895102775087303,Medium
USA_02465493,0.34805619047084985,High
USA_02469800,0.2494072781971549,Medium
USA_02472000,0.24225368163165256,Medium
USA_02472500,0.24464920296804243,Medium
USA_02479155,0.23525760078152824,Medium
USA_02479300,0.24832078237534305,Medium
USA_02479560,0.25077562129970243,Medium
USA_02481000,0.24750406690731638,Medium
USA_02481510,0.24138755173151888,Medium
USA_03010655,0.3457690692229575,Medium
USA_03011800,0.3546980807927244,High
USA_03015500,0.36556563901903666,High
USA_03021350,0.3948225446319743,High
USA_03026500,0.3406094801054422,Medium
USA_03028000,0.35821962675126956,High
USA_03049000,0.3719944678075089,High
USA_03049800,0.6770904766305638,High
USA_03050000,0.2453997394445928,Medium
USA_03066000,0.2526997404443032,Medium
USA_03069500,0.24157770221105845,Medium
USA_03070500,0.289377382035761,Medium
USA_03076600,0.4126089719056106,High
USA_03078000,0.4061769065208645,High
USA_03140000,0.32521441434316745,Medium
USA_03144000,0.321326041694306,Medium
USA_03159540,0.3162919488972433,Medium
USA_03161000,0.34007040530511506,Medium
USA_03164000,0.33398691365504984,Medium
USA_03165000,0.40004897021914876,High
USA_03170000,0.37137183540914825,High
USA_03173000,0.3669582056067822,High
USA_03180500,0.23724274423814395,Medium
USA_03182500,0.24745765189767707,Medium
USA_03186500,0.2346359862401934,Medium
USA_03187500,0.23452079689969366,Medium
USA_03213700,0.27926582423412316,Medium
USA_03237280,0.6175845012026072,High
USA_03237500,0.32030972503465627,Medium
USA_03238500,0.33092523669053897,Medium
USA_03241500,0.33795678627782366,Medium
USA_03280700,0.25894776549153437,Medium
USA_03281100,0.25866878861131026,Medium
USA_03281500,0.25546094642514033,Medium
USA_03285000,0.27012336419497535,Medium
USA_03291780,0.2964915489098622,Medium
USA_03300400,0.25685956680974964,Medium
USA_03338780,0.3525476398176946,High
USA_03340800,0.3135647487122612,Medium
USA_03346000,0.36082422967014705,High
USA_03357350,0.3164359178976422,Medium
USA_03364500,0.3152752263553452,Medium
USA_03366500,0.3053138805620018,Medium
USA_03368000,0.3223387745134407,Medium
USA_03384450,0.3476459245294649,High
USA_03439000,0.3057839297060773,Medium
USA_03450000,0.3748387745949981,High
USA_03455500,0.305214417767124,Medium
USA_03456500,0.30492528478458614,Medium
USA_03460000,0.2963855451179972,Medium
USA_03463300,0.30856532611559023,Medium
USA_03471500,0.3683739377687683,High
USA_03473000,0.34541955318252926,Medium
USA_03479000,0.3345566049535793,Medium
USA_03488000,0.363659509937407,High
USA_03498500,0.28056337082330457,Medium
USA_03500000,0.3153757334536053,Medium
USA_03500240,0.31558841467546983,Medium
USA_03504000,0.29331254449453836,Medium
USA_03574500,0.25588038577119154,Medium
USA_03592718,0.24822324514991856,Medium
USA_03604000,0.2676723407591644,Medium
USA_04015330,0.36349582699119515,High
USA_04024430,0.34901997183531336,High
USA_04027000,0.32590529165233967,Medium
USA_04040500,0.3012911292346905,Medium
USA_04043050,0.33234510705741105,Medium
USA_04045500,0.30415876944098735,Medium
USA_04056500,0.3085883241695796,Medium
USA_04057510,0.3006124104282115,Medium
USA_04057800,0.3339515001698823,Medium
USA_04059500,0.30333525140352996,Medium
USA_04063700,0.32276469724588963,Medium
USA_04074950,0.33333623044970306,Medium
USA_04105700,0.34387582578576054,Medium
USA_04115265,0.32054805335126474,Medium
USA_04122200,0.3169227892215311,Medium
USA_04122500,0.3117070460164624,Medium
USA_04124000,0.3146270045016489,Medium
USA_04127918,0.30396338303281617,Medium
USA_04127997,0.31833455159814894,Medium
USA_04161580,0.41703679011345285,High
USA_04185000,0.3284757172692967,Medium
USA_04196800,0.32218476528391693,Medium
USA_04197100,0.3269930869276201,Medium
USA_04197170,0.3425615559566521,Medium
USA_04213000,0.35916367714537856,High
USA_04213075,0.40655149359583365,High
USA_04216418,0.4131769961151585,High
USA_04221000,0.38402187085302664,High
USA_04224775,0.4068021088896065,High
USA_04233000,0.40696048138756735,High
USA_04256000,0.3832749175333193,High
USA_04296000,0.3466201441333073,High
USA_05056000,0.34538240158098593,Medium
USA_05057000,0.3500155801294998,High
USA_05057200,0.34580072288900093,Medium
USA_05062500,0.3775032863114207,High
USA_05087500,0.360974452229048,High
USA_05120500,0.5410078140279734,High
USA_05123400,0.37045685043303267,High
USA_05129115,0.41913964357947214,High
USA_05131500,0.3738952789171356,High
USA_05291000,0.32726262908471127,Medium
USA_05362000,0.32928297280259516,Medium
USA_05393500,0.3278949669822333,Medium
USA_05399500,0.35074810385392324,High
USA_05408000,0.3359476663120079,Medium
USA_05412500,0.33709729157719515,Medium
USA_05413500,0.3409857007767336,Medium
USA_05414000,0.336908697523514,Medium
USA_05444000,0.3617499654359171,High
USA_05454000,0.4594467918244449,High
USA_05458000,0.34028105704305806,Medium
USA_05466500,0.36667058268064207,High
USA_05487980,0.33517028059771603,Medium
USA_05488200,0.3364155861821303,Medium
USA_05489000,0.329262286985469,Medium
USA_05495000,0.32209030703857316,Medium
USA_05495500,0.3561348261708199,High
USA_05501000,0.310840571599779,Medium
USA_05503800,0.30681459076072515,Medium
USA_05507600,0.30893177222990853,Medium
USA_05508805,0.31309102120771953,Medium
USA_05514500,0.31455404311437396,Medium
USA_05525500,0.3480968190562689,High
USA_05556500,0.3704371390219636,High
USA_05584500,0.36122832333826604,High
USA_05585000,0.359355600979527,High
USA_05591550,0.36972105133918376,High
USA_05592050,0.3614004051092064,High
USA_05592575,0.3603842260158686,High
USA_05593575,0.37991783388315636,High
USA_05593900,0.37146370091849457,High
USA_05595730,0.3640653597378983,High
USA_06037500,0.3410539790814254,Medium
USA_06043500,0.2876767026120802,Medium
USA_06154410,0.2932288587799406,Medium
USA_06188000,0.32215459802186347,Medium
USA_06191500,0.329536840898155,Medium
USA_06221400,0.34058409586348437,Medium
USA_06224000,0.3405401234526566,Medium
USA_06278300,0.34215558383746636,Medium
USA_06280300,0.34031151751969607,Medium
USA_06289000,0.340178050517422,Medium
USA_06291500,0.2949100733227993,Medium
USA_06311000,0.3406264750966063,Medium
USA_06332515,0.42063345685453396,High
USA_06339100,0.36488573644839345,High
USA_06339500,0.351383445573201,High
USA_06344600,0.3572691660646111,High
USA_06350000,0.34375692804586594,Medium
USA_06352000,0.34160784034242103,Medium
USA_06353000,0.3412562935347661,Medium
USA_06354000,0.34232252258522616,Medium
USA_06360500,0.31156457556028555,Medium
USA_06404000,0.3294141383002898,Medium
USA_06406000,0.3246716538841357,Medium
USA_06408700,0.31082957347802526,Medium
USA_06409000,0.3104170168287155,Medium
USA_06431500,0.32911397592780306,Medium
USA_06440200,0.31281556281489953,Medium
USA_06441500,0.3128927293748996,Medium
USA_06447000,0.3260234878072988,Medium
USA_06447500,0.31591289118063065,Medium
USA_06450500,0.31548375357077374,Medium
USA_06452000,0.3206856628727462,Medium
USA_06453600,0.32323589023340615,Medium
USA_06464500,0.31564559510308293,Medium
USA_06468170,0.34528933537658063,Medium
USA_06468250,0.3450854335157702,Medium
USA_06470800,0.3466428515706535,High
USA_06477500,0.31582954313982553,Medium
USA_06479215,0.3182826990062432,Medium
USA_06479438,0.3181436522573947,Medium
USA_06601000,0.3407374660994113,Medium
USA_06614800,0.34571877289652947,Medium
USA_06622700,0.3412479303873085,Medium
USA_06623800,0.34342179152967583,Medium
USA_06632400,0.34286593618456834,Medium
USA_06746095,0.61307600127552,High
USA_06784000,0.32877201692285646,Medium
USA_06803510,0.3897676303886582,High
USA_06803530,0.34083225285792923,Medium
USA_06814000,0.327446255879531,Medium
USA_06847900,0.3262812207990644,Medium
USA_06853800,0.3216454450280651,Medium
USA_06876700,0.32066895448497074,Medium
USA_06878000,0.3233602092482444,Medium
USA_06879650,0.3341226278512449,Medium
USA_06885500,0.3249622690977732,Medium
USA_06888500,0.32480480550586055,Medium
USA_06889200,0.3245485245232124,Medium
USA_06889500,0.33788247453103054,Medium
USA_06892000,0.33917326769629863,Medium
USA_06903400,0.33012141780762794,Medium
USA_06906800,0.318228873590907,Medium
USA_06910800,0.32375693164346864,Medium
USA_06911900,0.3281537932342004,Medium
USA_06917000,0.32422475087967273,Medium
USA_06918460,0.313139860145819,Medium
USA_06919500,0.30601045433533464,Medium
USA_06921070,0.3230051921309059,Medium
USA_06921200,0.31753770554604155,Medium
USA_06934000,0.31462967535123343,Medium
USA_07014500,0.3087318285029888,Medium
USA_07056000,0.24322721657474028,Medium
USA_07057500,0.3049939577588866,Medium
USA_07060710,0.24230043582803873,Medium
USA_07066000,0.3029606633252106,Medium
USA_07067000,0.3018510758905779,Medium
USA_07068000,0.3018804439553371,Medium
USA_07071500,0.3039646912037936,Medium
USA_07083000,0.8932396243023747,High
USA_07142300,0.32434091215617694,Medium
USA_07145700,0.3380609845733096,Medium
USA_07148400,0.3054343650369345,Medium
USA_07149000,0.32221000551558693,Medium
USA_07151500,0.3235439997649418,Medium
USA_07167500,0.3231073071385501,Medium
USA_07180500,0.32082976599200086,Medium
USA_07184000,0.3310295201624339,Medium
USA_07195800,0.35340658640150463,High
USA_07196900,0.2583801950641746,Medium
USA_07197000,0.26788637972852636,Medium
USA_07208500,0.27248963417516114,Medium
USA_07226500,0.273086342504696,Medium
USA_07261000,0.25773746267872505,Medium
USA_07263295,0.24394514688866786,Medium
USA_07290650,0.24174255375890913,Medium
USA_07291000,0.2319196081860326,Medium
USA_07292500,0.23481742162396393,Medium
USA_07295000,0.24008463113795148,Medium
USA_07299670,0.31109528506819584,Medium
USA_07301410,0.32157394389048827,Medium
USA_07301500,0.3067248610975881,Medium
USA_07315200,0.30852521464739796,Medium
USA_07315700,0.26293507212487016,Medium
USA_07335700,0.2600393205138163,Medium
USA_07340300,0.2397363494423954,Medium
USA_07346045,0.3180121917529988,Medium
USA_07359610,0.2441313621069594,Medium
USA_07362100,0.24816922400838687,Medium
USA_07362587,0.3180823764863919,Medium
USA_07373000,0.2809450077845443,Medium
USA_07375000,0.279928901077219,Medium
USA_07376000,0.2729106514955515,Medium
USA_08013000,0.2710615118399289,Medium
USA_08014500,0.2804824711533572,Medium
USA_08023080,0.278712377749588,Medium
USA_08025500,0.275297427796495,Medium
USA_08029500,0.31949241312047805,Medium
USA_08050800,0.3295689093590478,Medium
USA_08066200,0.3280125799947172,Medium
USA_08066300,1.0,High
USA_08070000,0.3204514973507524,Medium
USA_08070200,0.3268293892147621,Medium
USA_08079600,0.31458186060541893,Medium
USA_08082700,0.30581486321309026,Medium
USA_08086212,0.31004697606399484,Medium
USA_08086290,0.5728060999204215,High
USA_08101000,0.3071420305855488,Medium
USA_08103900,0.3075383543705095,Medium
USA_08104900,0.3433164280673864,Medium
USA_08109700,0.3188648660466832,Medium
USA_08150800,0.30550052295494134,Medium
USA_08155200,0.3830492809683633,High
USA_08158700,0.3277724901104315,Medium
USA_08158810,0.3828655708418758,High
USA_08164000,0.31984272906857686,Medium
USA_08164300,0.3205575038600942,Medium
USA_08164600,0.32456863662051594,Medium
USA_08165300,0.3062049062938189,Medium
USA_08171300,0.32316875446374355,Medium
USA_08175000,0.326805573659403,Medium
USA_08176900,0.3234799521480126,Medium
USA_08178880,0.3104011333792286,Medium
USA_08189500,0.31182557943001193,Medium
USA_08190000,0.3058006373464633,Medium
USA_08190500,0.3048720634396384,Medium
USA_08194200,0.3092631957943812,Medium
USA_08195000,0.3084944387346869,Medium
USA_08196000,0.3048303883808167,Medium
USA_08198500,0.30798746703554764,Medium
USA_08200000,0.3068101831009308,Medium
USA_08202700,0.30520659388950044,Medium
USA_08267500,0.2824645397092762,Medium
USA_08269000,0.27829216767671017,Medium
USA_08271000,0.28473482774127623,Medium
USA_08324000,0.27465285720421434,Medium
USA_08377900,0.27254408216102305,Medium
USA_08378500,0.27295883940190346,Medium
USA_08380500,0.2880797045500662,Medium
USA_09034900,0.35212821329846417,High
USA_09035800,0.35216389025541917,High
USA_09035900,0.35255204628620146,High
USA_09047700,0.38033320683026395,High
USA_09065500,0.36272353158640663,High
USA_09066000,0.3627593865757641,High
USA_09066200,0.36245551574416873,High
USA_09066300,0.3944943916813046,High
USA_09081600,0.34696015265148566,High
USA_09107000,0.34484147850560753,Medium
USA_09210500,0.340301550621097,Medium
USA_09223000,0.34034133102500114,Medium
USA_09306242,0.3537634461760985,High
USA_09312600,0.28176437409561395,Medium
USA_09352900,0.3463386929731803,High
USA_09378170,0.29683984298308036,Medium
USA_09378630,0.2802729265592967,Medium
USA_09386900,0.2724800325708586,Medium
USA_09404450,0.2828370257776493,Medium
USA_09430500,0.2729101790878845,Medium
USA_09430600,0.27236290572661676,Medium
USA_09447800,0.2935517945682078,Medium
USA_09480000,0.29134799538738976,Medium
USA_09484000,0.3562036110006653,High
USA_09484600,0.29869383133861743,Medium
USA_09492400,0.2943471184080739,Medium
USA_09494000,0.2989682008025821,Medium
USA_09497800,0.2953123816975035,Medium
USA_09497980,0.2946708893843279,Medium
USA_09505200,0.2943175831637368,Medium
USA_09505350,0.30449152259675133,Medium
USA_09505800,0.29453782907981085,Medium
USA_09508300,0.29413488330622967,Medium
USA_09510200,0.29876587684181133,Medium
USA_09512280,0.3131251799672019,Medium
USA_09513780,0.3029946846711622,Medium
USA_10023000,0.2799811031202019,Medium
USA_10166430,0.30670062054318314,Medium
USA_10172700,0.28157384413219066,Medium
USA_10172800,0.30220304985003077,Medium
USA_10173450,0.2832589083647437,Medium
USA_10205030,0.28017742106625165,Medium
USA_10234500,0.28584608199366396,Medium
USA_10242000,0.298093706175218,Medium
USA_10244950,0.2997475250773076,Medium
USA_10249300,0.3798262845070427,High
USA_10258000,0.48645835726613224,High
USA_10258500,0.3829280935520739,High
USA_10259000,0.4137892103558736,High
USA_10259200,0.39476153685688464,High
USA_10263500,0.3633368706001163,High
USA_10310500,0.3696558363222073,High
USA_10316500,0.30114616067238736,Medium
USA_10329500,0.29893388063904075,Medium
USA_10336645,0.3586928421984866,High
USA_10336660,0.3689050223124612,High
USA_10336740,0.3511461721333455,High
USA_10343500,0.4904379291863746,High
USA_10348850,0.3420640650377614,Medium
USA_10396000,0.30265979980805413,Medium
USA_11098000,0.6037295632231287,High
USA_11124500,0.34601306402153137,Medium
USA_11141280,0.5021025216102376,High
USA_11143000,0.3490099598388633,High
USA_11148900,0.3462019542405223,Medium
USA_11151300,0.34928502793564176,High
USA_11162500,0.3634712585468587,High
USA_11176400,0.362282970432339,High
USA_11180500,0.68977437038666,High
USA_11180960,0.5557029702036484,High
USA_11224500,0.3502253074162124,High
USA_11230500,0.3863366361031276,High
USA_11237500,0.41600968338658084,High
USA_11253310,0.34891151767511414,High
USA_11264500,0.34629087732754826,Medium
USA_11266500,0.34744554322842763,High
USA_11274500,0.35277577515088226,High
USA_11274630,0.36256527902141583,High
USA_11284400,0.4235799569956142,High
USA_11299600,0.6458291771153984,High
USA_11381500,0.34792522016036,High
USA_11383500,0.3478375571346637,High
USA_11451100,0.34676118596290806,High
USA_11468500,0.3529110230256179,High
USA_11473900,0.3468188383196631,High
USA_11475560,0.3506078873377504,High
USA_11476600,0.3486391683792864,High
USA_11478500,0.34765732629810014,High
USA_11480390,0.3459741541236385,Medium
USA_11481200,0.3504940568799802,High
USA_11482500,0.3476978214852843,High
USA_11522500,0.34661128192138657,High
USA_11523200,0.34663858236779105,High
USA_11528700,0.34706228907966663,High
USA_11532500,0.34066827480570183,Medium
USA_12010000,0.3463407443176857,High
USA_12013500,0.3488472409051995,High
USA_12020000,0.34876586903827156,High
USA_12025000,0.36333788424012214,High
USA_12025700,0.3478296742774584,High
USA_12035000,0.35094211138296866,High
USA_12040500,0.3459511297651915,Medium
USA_12041200,0.3455907342598966,Medium
USA_12043000,0.3489348201485369,High
USA_12048000,0.3483105497685524,High
USA_12054000,0.3468414769806554,High
USA_12056500,0.3453661293269243,Medium
USA_12073500,0.38662635571828263,High
USA_12082500,0.3499021281601617,High
USA_12092000,0.3482085914039722,High
USA_12095000,0.38636790736232085,High
USA_12114500,0.34940963472236175,High
USA_12115000,0.3488755129007612,High
USA_12115500,0.3489301653493858,High
USA_12117000,0.3992417382290997,High
USA_12141300,0.3537866852184498,High
USA_12143600,0.38531132717706823,High
USA_12144000,0.38429051246866314,High
USA_12145500,0.4036571187566439,High
USA_12147500,0.3761156765341454,High
USA_12147600,0.3759239052439957,High
USA_12167000,0.35094397694966584,High
USA_12175500,0.34595546805899696,Medium
USA_12178100,0.448422564208572,High
USA_12186000,0.34577166489845684,Medium
USA_12189500,0.34667681678789225,High
USA_12358500,0.2799225965925702,Medium
USA_12374250,0.28821614899011777,Medium
USA_12375900,0.30084470038608035,Medium
USA_12377150,0.3187736040428709,Medium
USA_12381400,0.2789962735247411,Medium
USA_12383500,0.284853669023256,Medium
USA_12388400,0.48714095942058055,High
USA_12390700,0.47711631405256855,High
USA_12411000,0.26235819627815227,Medium
USA_12414500,0.2629301448276848,Medium
USA_12447390,0.34536170531639804,Medium
USA_12451000,0.34552540136882715,Medium
USA_12488500,0.34789581658505336,High
USA_13011500,0.4700243724737745,High
USA_13011900,0.3411585080422073,Medium
USA_13018300,0.3999298697536756,High
USA_13023000,0.34042880141141735,Medium
USA_13083000,0.26316243547578255,Medium
USA_13161500,0.2987074978119814,Medium
USA_13235000,0.26303741390958557,Medium
USA_13240000,0.2624573438115756,Medium
USA_13310700,0.26263777669595834,Medium
USA_13313000,0.262443966551017,Medium
USA_13331500,0.30270820734357207,Medium
USA_13337000,0.2631305989527221,Medium
USA_13338500,0.26645031247941414,Medium
USA_13340000,0.2646560357786734,Medium
USA_13340600,0.2624728921083038,Medium
USA_14020000,0.304182057307129,Medium
USA_14092750,0.3026872695286445,Medium
USA_14096850,0.3040938183795923,Medium
USA_14137000,0.31640817316204933,Medium
USA_14138800,0.3109090072043172,Medium
USA_14138870,0.3111185155081547,Medium
USA_14138900,0.31156638668246917,Medium
USA_14139800,0.3287687054560737,Medium
USA_14141500,0.31934271662425784,Medium
USA_14154500,0.3030695974215114,Medium
USA_14158500,0.30719187865062303,Medium
USA_14158790,0.30656651812779745,Medium
USA_14166500,0.31700052442435284,Medium
USA_14182500,0.30526283864486614,Medium
USA_14185000,0.30376533849940396,Medium
USA_14185900,0.3033524578476992,Medium
USA_14187000,0.3072268799275251,Medium
USA_14216500,0.3464281652913914,High
USA_14222500,0.3582516705933532,High
USA_14236200,0.3537311718885168,High
USA_14301000,0.3075244297180932,Medium
USA_14303200,0.30279915824498993,Medium
USA_14305500,0.30440263229541314,Medium
USA_14306340,0.30365016479354723,Medium
USA_14306500,0.30435810789141404,Medium
USA_14308990,0.3029476982440374,Medium
USA_14309500,0.3026163570518225,Medium
USA_14316700,0.30254314622747674,Medium
USA_14325000,0.30402675101045873,Medium
USA_14362250,0.3263072378825259,Medium
USA_14400000,0.30306031836360486,Medium
